project_id,num_logs,num_employees,num_roles,num_sov_lines,total_hours_st,total_hours_ot,total_effective_hours,avg_hourly_rate,avg_burden_multiplier,total_labor_cost,first_date,last_date,ot_share_of_raw_hours
PRJ-2018-001,1968,1743,30,15,15532.0,990.0,17017.0,59.732977642276424,1.3963770325203648,1428002.4300000144,2018-01-08,2019-06-19,0.05992010652463382
PRJ-2018-002,3746,3078,31,15,29554.0,1688.0,32086.0,59.49239188467699,1.397231713828129,2679076.6000000276,2018-01-12,2019-09-03,0.05402983163689905
PRJ-2018-003,2466,2164,30,15,19440.0,1042.0,21003.0,59.57603406326034,1.3961516626115609,1751514.5600000296,2018-01-12,2019-08-23,0.050873938091983206
PRJ-2018-004,2501,2195,31,15,19674.0,1182.0,21447.0,59.93662534986006,1.3967053178728965,1801300.7300000275,2018-03-02,2019-09-03,0.05667433831990794
PRJ-2018-005,1509,1397,31,15,11898.0,702.0,12951.0,60.195493704440025,1.396944996686578,1095348.349999998,2018-01-03,2019-02-16,0.055714285714285716
PRJ-2018-006,2703,2348,30,15,21298.0,1166.0,23047.0,59.85109137994821,1.3964705882353408,1934885.9200000388,2018-02-19,2019-10-17,0.051905270655270654
PRJ-2018-007,1556,1435,29,15,12228.0,626.0,13167.0,60.14781491002571,1.397242930591291,1110196.2499999981,2018-04-02,2019-03-06,0.04870079352730668
PRJ-2018-008,4750,3706,31,15,37454.0,2124.0,40640.0,59.58073684210526,1.3971242105263615,3400211.1900000186,2018-02-21,2020-02-02,0.05366617817979686
PRJ-2018-009,1837,1667,29,15,14426.0,890.0,15761.0,59.848666303756126,1.3964616222101618,1326554.0100000082,2018-03-19,2019-04-19,0.058109166884303995
PRJ-2018-010,1256,1178,30,15,9922.0,532.0,10720.0,59.955015923566876,1.3968391719745448,900354.6399999968,2018-02-05,2018-11-25,0.05088961163191123
PRJ-2018-011,1938,1751,29,15,15336.0,900.0,16686.0,60.06578947368421,1.3968885448916797,1409189.8500000122,2018-02-02,2019-03-08,0.05543237250554324
PRJ-2018-012,2463,2144,30,15,19438.0,1130.0,21133.0,59.76512383272432,1.396471782379258,1772692.3000000292,2018-02-16,2019-06-24,0.05493971217425126
PRJ-2018-013,2851,2433,31,15,22474.0,1256.0,24358.0,59.796737986671346,1.3965731322343515,2042211.8800000427,2018-01-08,2019-08-14,0.05292878213232195
PRJ-2018-014,2110,1896,29,15,16614.0,988.0,18096.0,60.002369668246445,1.3967535545024108,1522354.6300000201,2018-01-22,2019-03-27,0.056129985228951254
PRJ-2018-015,4001,3286,31,15,31470.0,1832.0,34218.0,59.93164208947763,1.3977505623594553,2878955.260000025,2018-02-19,2019-09-25,0.05501171100834785
PRJ-2018-016,4010,3263,31,15,31690.0,1854.0,34471.0,59.76234413965087,1.3975760598504217,2891545.840000023,2018-02-27,2019-10-03,0.05527068924397806
PRJ-2018-017,1523,1398,29,15,11994.0,746.0,13113.0,60.006894287590285,1.3968351936966825,1104146.039999997,2018-03-01,2019-01-02,0.05855572998430141
PRJ-2018-018,4213,3372,31,15,33288.0,1896.0,36132.0,59.451934488488014,1.3969617849513873,3007124.1500000227,2018-02-19,2019-10-25,0.0538881309686221
PRJ-2018-019,5835,4261,31,15,45996.0,2580.0,49866.0,59.77497857754927,1.397530419880077,4179415.619999992,2018-04-02,2020-08-10,0.05311264822134387
PRJ-2018-020,3050,2598,31,15,24050.0,1420.0,26180.0,59.89655737704918,1.3966262295082439,2198480.9900000426,2018-01-29,2019-10-04,0.055751864939144094
PRJ-2018-021,5227,3970,31,15,41228.0,2238.0,44585.0,59.66988712454563,1.3974918691410414,3732954.6600000067,2018-02-28,2020-04-07,0.05148851976257304
PRJ-2018-022,3126,2657,31,15,24616.0,1430.0,26761.0,59.600927703135,1.3971880998081128,2241230.9100000365,2018-03-12,2019-06-14,0.05490286416340321
PRJ-2018-023,3017,2571,31,15,23790.0,1366.0,25839.0,60.00696055684455,1.39675174013926,2175563.1700000446,2018-01-29,2019-10-04,0.05430116075687709
PRJ-2018-024,2080,1859,30,15,16440.0,890.0,17775.0,59.83076923076923,1.3966153846154254,1491928.340000018,2018-03-05,2019-05-08,0.05135603000577034
PRJ-2018-025,5713,4210,31,15,44958.0,2530.0,48753.0,59.771836163136705,1.3975476982321462,4094488.869999996,2018-01-03,2020-04-13,0.053276617250673855
PRJ-2018-026,4118,3295,31,15,32432.0,1972.0,35390.0,59.75,1.3975619232637675,2971507.950000028,2018-02-26,2019-10-02,0.05731891640506918
PRJ-2018-027,5034,3847,31,15,39658.0,2152.0,42886.0,59.70093365117203,1.397304330552289,3600917.80000002,2018-03-05,2020-03-11,0.05147093996651519
PRJ-2018-028,1967,1760,31,15,15500.0,832.0,16748.0,60.14260294865277,1.3968683274021738,1413443.560000014,2018-01-08,2019-02-11,0.05094293411707078
PRJ-2018-029,2712,2335,31,15,21354.0,1284.0,23280.0,59.88753687315634,1.3967367256637646,1956345.310000044,2018-02-12,2019-08-19,0.056718791412668966
PRJ-2018-030,3461,2880,31,15,27276.0,1438.0,29433.0,59.89901762496388,1.3977318694019558,2473614.7000000305,2018-02-16,2019-06-24,0.050080100299505464
PRJ-2018-031,4228,3356,31,15,33280.0,1840.0,36040.0,59.834555345316936,1.3976158940397818,3026545.120000026,2018-01-29,2019-10-04,0.05239179954441914
PRJ-2018-032,3124,2634,30,15,24648.0,1446.0,26817.0,59.46302816901409,1.3969046094750837,2240400.1200000355,2018-02-19,2019-05-24,0.055415037939756266
PRJ-2018-033,2340,2059,31,15,18452.0,1024.0,19988.0,60.09123931623932,1.396705128205172,1684395.3000000261,2018-02-20,2019-05-27,0.05257753132059971
PRJ-2018-034,5807,4285,31,15,45718.0,2472.0,49426.0,59.7472016531772,1.3975185121405669,4147761.5100000454,2018-03-26,2020-07-02,0.05129694957460054
PRJ-2018-035,1825,1662,29,15,14388.0,876.0,15702.0,59.781643835616435,1.3966191780822295,1318483.530000007,2018-03-30,2019-04-03,0.05738993710691824
PRJ-2018-036,2125,1896,31,15,16740.0,946.0,18159.0,59.925411764705885,1.3968235294118065,1529207.0100000184,2018-02-20,2019-04-25,0.053488635078593236
PRJ-2018-037,5807,4285,31,15,45744.0,2440.0,49404.0,59.82650249698639,1.3974065782676492,4144708.6900000023,2018-02-28,2020-07-08,0.0506392163373734
PRJ-2018-038,1634,1495,28,15,12972.0,770.0,14127.0,59.92380660954712,1.3968788249694337,1189964.760000004,2018-03-16,2019-02-18,0.0560326007859118
PRJ-2018-039,2593,2249,31,15,20422.0,1134.0,22123.0,59.9631700732742,1.3966370998843505,1860961.620000033,2018-02-16,2019-07-24,0.0526071627389126
PRJ-2018-040,3760,3060,31,15,29636.0,1736.0,32240.0,59.53218085106383,1.3971595744681322,2691658.0000000247,2018-03-14,2019-09-18,0.05533596837944664
PRJ-2018-041,1786,1619,31,15,14098.0,828.0,15340.0,60.19652855543113,1.397054871220641,1299294.3200000075,2018-01-16,2019-01-18,0.055473670105855556
PRJ-2018-042,2002,1811,31,15,15798.0,806.0,17007.0,59.81643356643357,1.3965634365634765,1429694.3800000164,2018-01-29,2019-03-04,0.04854251987472898
PRJ-2018-043,3551,2946,31,15,28130.0,1582.0,30503.0,60.113207547169814,1.397904815544963,2577753.68000003,2018-03-06,2019-08-09,0.053244480344641895
PRJ-2018-044,2258,1983,30,15,17836.0,1090.0,19471.0,60.269929140832595,1.3971966341895918,1649721.9400000207,2018-01-09,2019-04-15,0.057592729578357815
PRJ-2018-045,2706,2369,31,15,21360.0,1270.0,23265.0,59.55062823355506,1.3961382113821603,1944594.3800000339,2018-02-28,2019-09-04,0.05612019443216969
PRJ-2018-046,1623,1485,31,15,12728.0,604.0,13634.0,60.06900800985829,1.3966481823783439,1150398.1700000002,2018-01-08,2018-12-11,0.045304530453045305
PRJ-2018-047,1973,1786,31,15,15608.0,936.0,17012.0,60.11277242777496,1.396908261530703,1432193.900000015,2018-02-26,2019-04-01,0.05657640232108317
PRJ-2018-048,4214,3345,31,15,33214.0,1906.0,36073.0,59.49276222116754,1.3971523493118643,3011920.95000002,2018-01-24,2019-10-01,0.05427107061503417
PRJ-2018-049,2713,2341,31,15,21366.0,1200.0,23166.0,59.860117950608185,1.3966347217103314,1944894.3700000364,2018-01-22,2019-07-29,0.053177346450412125
PRJ-2018-050,2897,2462,31,15,22820.0,1254.0,24701.0,60.32188470831895,1.3971177079738146,2095251.5700000445,2018-02-19,2019-09-25,0.052089391044280134
PRJ-2018-051,2902,2485,31,15,22820.0,1254.0,24701.0,59.86164713990352,1.3965403170227917,2076174.7200000458,2018-04-02,2019-11-06,0.052089391044280134
PRJ-2018-052,3318,2769,31,15,26148.0,1476.0,28362.0,59.94770946353225,1.3976461723930564,2388616.2300000354,2018-03-05,2019-07-09,0.053431798436142486
PRJ-2018-053,2408,2098,31,15,19010.0,1114.0,20681.0,59.9640780730897,1.3967774086379192,1739977.1100000266,2018-03-22,2019-07-26,0.05535678791492745
PRJ-2018-054,5688,4179,31,15,44744.0,2602.0,48647.0,59.82550984528832,1.3975509845288758,4085550.6800000076,2018-03-05,2020-06-11,0.054957124149875386
PRJ-2018-055,4681,3656,31,15,36986.0,2104.0,40142.0,60.052766502884,1.3979299295022884,3387795.7100000135,2018-02-09,2019-12-18,0.053824507546687134
PRJ-2018-056,2698,2337,30,15,21302.0,1264.0,23198.0,60.02372127501853,1.3969532987398554,1953234.7100000363,2018-03-30,2019-10-04,0.0560134715944341
PRJ-2018-057,3000,2542,31,15,23686.0,1348.0,25708.0,59.9365,1.3967700000000483,2158716.800000041,2018-02-14,2019-10-22,0.05384676839498282
PRJ-2018-058,856,812,28,15,6788.0,406.0,7397.0,60.080607476635514,1.3965771028037397,623484.8299999997,2018-01-19,2018-07-23,0.056435918821239925
PRJ-2018-059,3738,3061,31,15,29520.0,1796.0,32214.0,59.892990904226856,1.397669876939586,2707105.270000023,2018-02-08,2019-08-15,0.057350874952101165
PRJ-2018-060,1324,1251,30,15,10448.0,548.0,11270.0,59.79796072507553,1.3967145015105986,947925.4599999954,2018-01-18,2018-10-22,0.04983630411058567
PRJ-2018-061,2577,2241,31,15,20300.0,1146.0,22019.0,60.11854870003881,1.3968645712068755,1856957.5200000342,2018-02-02,2019-07-10,0.053436538282197146
PRJ-2018-062,4438,3498,31,15,35052.0,2126.0,38241.0,59.47915727805318,1.3971270842722403,3191983.7300000177,2018-01-15,2019-10-22,0.057184356339770835
PRJ-2018-063,1861,1685,31,15,14704.0,866.0,16003.0,59.796077377753896,1.3966039763568354,1340459.210000011,2018-03-19,2019-03-21,0.055619781631342326
PRJ-2018-064,3829,3108,31,15,30204.0,1750.0,32829.0,59.869939932097154,1.3976913032123754,2763862.81000002,2018-01-22,2019-07-29,0.05476622645052263
PRJ-2018-065,2404,2107,31,15,18954.0,1070.0,20559.0,59.99667221297837,1.396717970049961,1726598.5000000256,2018-01-29,2019-06-04,0.0534358769476628
PRJ-2018-066,2849,2439,31,15,22538.0,1298.0,24485.0,59.96946296946297,1.396651456651505,2065310.410000046,2018-03-01,2019-10-07,0.054455445544554455
PRJ-2018-067,876,835,24,15,6896.0,444.0,7562.0,59.5958904109589,1.3960159817351625,631866.9999999981,2018-01-22,2018-07-24,0.060490463215258854
PRJ-2018-068,3299,2765,30,15,26040.0,1506.0,28299.0,59.81191270081843,1.3973870869961083,2376305.880000036,2018-02-21,2019-06-27,0.05467218470921368
PRJ-2018-069,1951,1764,30,15,15372.0,836.0,16626.0,59.79164531009739,1.3965914915428372,1394938.5500000115,2018-01-30,2019-03-05,0.05157946692991115
PRJ-2018-070,2214,1961,31,15,17458.0,874.0,18769.0,59.60840108401084,1.396400180668517,1567134.7300000177,2018-03-09,2019-05-14,0.047676194632336896
PRJ-2018-071,2938,2490,31,15,23168.0,1416.0,25292.0,59.20405037440435,1.396858407079699,2100594.9900000338,2018-02-26,2019-05-01,0.05759843800846079
PRJ-2018-072,1157,1082,25,15,9114.0,508.0,9876.0,59.72255834053587,1.396240276577374,829814.4699999975,2018-01-11,2018-09-13,0.05279567657451673
PRJ-2018-073,929,872,26,15,7302.0,392.0,7890.0,59.797631862217436,1.396437029063515,658040.8599999989,2018-01-12,2018-07-16,0.0509487912659215
PRJ-2018-074,1631,1481,28,15,12874.0,780.0,14044.0,59.483445738810545,1.3960085836910205,1170156.9800000007,2018-02-19,2019-01-22,0.05712611688882379
PRJ-2018-075,5331,4021,31,15,42166.0,2418.0,45793.0,59.58244231851435,1.397227537047504,3829494.4899999965,2018-02-06,2020-03-16,0.05423470303247802
PRJ-2018-076,3025,2562,31,15,23884.0,1234.0,25735.0,59.821157024793386,1.3965983471074845,2161405.4200000456,2018-02-02,2019-10-10,0.049128115295803805
PRJ-2018-077,1951,1763,29,15,15400.0,896.0,16744.0,59.85879036391594,1.3964582265505263,1402907.810000014,2018-02-22,2019-03-28,0.054982817869415807
PRJ-2018-078,3719,3032,31,15,29348.0,1704.0,31904.0,59.60177467061038,1.3971228824953421,2666462.1400000374,2018-01-26,2019-08-02,0.054875692386963805
PRJ-2018-079,2639,2275,31,15,20756.0,1200.0,22556.0,59.889162561576356,1.3966767715044048,1898404.6700000355,2018-03-09,2019-08-14,0.05465476407360175
PRJ-2018-080,3085,2594,31,15,24434.0,1464.0,26630.0,60.06726094003241,1.39763695299843,2242931.5500000343,2018-02-12,2019-05-17,0.05652946173449687
PRJ-2019-081,5511,4134,31,15,43332.0,2462.0,47025.0,59.90736708401379,1.3976664852114384,3957554.7900000033,2019-02-25,2021-05-04,0.05376250163776914
PRJ-2019-082,4847,3780,31,15,38226.0,2160.0,41466.0,59.44367650092841,1.3971157416959377,3459061.780000022,2019-03-21,2021-02-25,0.053483880552666764
PRJ-2019-083,2940,2493,31,15,23198.0,1268.0,25100.0,59.731802721088435,1.3965306122449475,2106700.600000049,2019-01-11,2020-08-18,0.05182702525954386
PRJ-2019-084,3169,2679,31,15,25052.0,1460.0,27242.0,59.66535184600821,1.3973366992742697,2278171.9700000295,2019-02-19,2020-05-25,0.055069402534701266
PRJ-2019-085,2415,2112,29,15,19040.0,1068.0,20642.0,59.55051759834369,1.3962070393375192,1719775.0000000258,2019-03-26,2020-07-29,0.05311318878058484
PRJ-2019-086,2294,2041,30,15,18048.0,1120.0,19728.0,59.957715780296425,1.3966216216216651,1660021.6200000236,2019-03-04,2020-06-05,0.05843071786310518
PRJ-2019-087,5667,4238,31,15,44710.0,2534.0,48511.0,59.82089288865361,1.3976054349744567,4076098.579999994,2019-03-18,2021-06-24,0.053636440606214544
PRJ-2019-088,3098,2612,31,15,24450.0,1446.0,26619.0,59.70319561007101,1.3972756617172872,2230029.0500000403,2019-01-14,2020-04-17,0.05583873957367933
PRJ-2019-089,3203,2738,31,15,25206.0,1400.0,27306.0,59.7953481111458,1.3975803933812558,2288503.7200000356,2019-02-06,2020-05-12,0.05261970983988574
PRJ-2019-090,1642,1490,29,15,12966.0,758.0,14103.0,59.82216808769793,1.3964677222899233,1183748.5800000015,2019-03-14,2020-02-14,0.05523171087146604
PRJ-2019-091,2101,1875,30,15,16588.0,894.0,17929.0,59.803902903379345,1.3964873869586323,1501331.0000000158,2019-03-04,2020-05-06,0.05113831369408534
PRJ-2019-092,2142,1909,30,15,16912.0,786.0,18091.0,59.89822595704948,1.3967040149393508,1519507.6900000193,2019-04-01,2020-06-03,0.04441179794327042
PRJ-2019-093,1771,1621,30,15,13972.0,712.0,15040.0,59.8266516092603,1.3965047995483137,1262338.0400000082,2019-01-31,2020-02-04,0.04848815036774721
PRJ-2019-094,1979,1779,31,15,15598.0,962.0,17041.0,59.709701869631125,1.396417382516462,1427166.7500000144,2019-03-25,2020-04-27,0.058091787439613525
PRJ-2019-095,5292,4002,31,15,41732.0,2374.0,45293.0,59.7219387755102,1.3974678760393495,3800106.250000006,2019-04-01,2021-05-07,0.05382487643404525
PRJ-2019-096,1713,1528,30,15,13498.0,756.0,14632.0,59.62813776999416,1.3962930531232107,1220889.400000004,2019-01-10,2019-12-13,0.0530377437912165
PRJ-2019-097,1958,1759,31,15,15426.0,872.0,16734.0,59.8197139938713,1.396384065372868,1403924.2000000114,2019-01-02,2020-02-05,0.053503497361639465
PRJ-2019-098,2635,2310,31,15,20766.0,1220.0,22596.0,59.78387096774193,1.3963111954459662,1896600.5200000354,2019-01-14,2020-07-20,0.05548985718184299
PRJ-2019-099,1826,1665,30,15,14430.0,874.0,15741.0,60.215498357064625,1.3971412924425335,1328511.0000000098,2019-02-18,2020-02-20,0.05710925248301098
PRJ-2019-100,1669,1511,30,15,13160.0,734.0,14261.0,59.844817255841825,1.3966147393649226,1195071.060000002,2019-04-01,2020-03-03,0.05282855909025479
PRJ-2019-101,1538,1408,29,15,12132.0,690.0,13167.0,59.81079323797139,1.3967360208062731,1103949.8199999987,2019-03-07,2020-01-08,0.05381375760411792
PRJ-2019-102,5118,3932,31,15,40358.0,2144.0,43574.0,59.84749902305588,1.3976944118796846,3656739.7200000104,2019-02-01,2021-02-09,0.05044468495600207
PRJ-2019-103,4602,3595,31,15,36396.0,2106.0,39555.0,59.63331160365059,1.397227292481573,3314560.3200000217,2019-02-20,2020-12-28,0.0546984572230014
PRJ-2019-104,1538,1418,30,15,12142.0,698.0,13189.0,59.97886866059818,1.3968075422627104,1111746.3999999997,2019-02-11,2019-12-13,0.054361370716510905
PRJ-2019-105,1198,1119,30,15,9420.0,564.0,10266.0,60.1686143572621,1.3969699499165473,864421.9999999959,2019-01-14,2019-09-16,0.056490384615384616
PRJ-2019-106,1717,1564,30,15,13462.0,678.0,14479.0,60.1863715783343,1.397140361094968,1220389.5600000024,2019-01-15,2019-12-18,0.04794908062234795
PRJ-2019-107,4245,3403,31,15,33384.0,1922.0,36267.0,59.924263839811545,1.3977620730271358,3051377.740000022,2019-03-13,2020-11-17,0.054438339092505526
PRJ-2019-108,4502,3569,31,15,35558.0,2020.0,38588.0,59.82374500222124,1.3976254997779236,3243597.840000022,2019-04-01,2021-01-05,0.053754856565011444
PRJ-2019-109,2420,2115,31,15,19052.0,1132.0,20750.0,60.16528925619835,1.3970123966942598,1751773.7500000277,2019-03-05,2020-07-08,0.05608402695204122
PRJ-2019-110,1661,1530,31,15,13148.0,790.0,14333.0,59.81065623118603,1.3966225165563262,1204162.2700000014,2019-02-20,2020-01-23,0.05667958100157842
PRJ-2019-111,2917,2494,31,15,23012.0,1290.0,24947.0,59.70346246143298,1.3963798423037856,2087744.1200000492,2019-01-03,2020-08-10,0.05308205086001152
PRJ-2019-112,1833,1670,30,15,14430.0,774.0,15591.0,59.57937806873977,1.3962793235134034,1303750.9400000079,2019-01-11,2020-01-15,0.05090765588003157
PRJ-2019-113,5544,4142,31,15,43616.0,2284.0,47042.0,59.589195526695526,1.3972763347763792,3936787.959999998,2019-01-15,2021-03-24,0.049760348583878
PRJ-2019-114,2738,2325,31,15,21634.0,1192.0,23422.0,60.02209642074507,1.3968517165814942,1969485.3200000406,2019-02-11,2020-08-17,0.052221151318671694
PRJ-2019-115,3151,2642,31,15,24838.0,1446.0,27007.0,59.59330371310695,1.3972040622025264,2260548.5000000345,2019-03-01,2020-06-04,0.05501445746461726
PRJ-2019-116,1641,1485,30,15,12932.0,790.0,14117.0,60.18068251066423,1.3970871419866273,1188405.7600000014,2019-01-28,2019-12-31,0.05757178253898849
PRJ-2019-117,1654,1526,31,15,13052.0,652.0,14030.0,59.675937122128175,1.3964691656590424,1175096.0200000033,2019-02-11,2020-01-14,0.04757734967892586
PRJ-2019-118,2885,2462,31,15,22762.0,1270.0,24667.0,59.65528596187175,1.3974350086655634,2065276.5400000392,2019-03-12,2020-05-14,0.052846205059920104
PRJ-2019-119,2772,2384,31,15,21824.0,1108.0,23486.0,59.99693362193362,1.3967965367965847,1975113.8900000388,2019-02-04,2020-08-10,0.04831676260247689
PRJ-2019-120,4994,3779,31,15,39336.0,2406.0,42945.0,59.80296355626752,1.3974549459351664,3602213.420000012,2019-04-01,2021-03-08,0.057639787264625555
PRJ-2019-121,5722,4203,31,15,45122.0,2514.0,48893.0,59.553652569031804,1.3972422229989887,4083012.5200000247,2019-03-04,2021-06-10,0.05277521202451927
PRJ-2019-122,1781,1628,29,15,14090.0,742.0,15203.0,59.64121280179674,1.3962773722628101,1269708.7700000065,2019-02-26,2020-02-28,0.0500269687162891
PRJ-2019-123,2427,2138,31,15,19050.0,1132.0,20748.0,59.69839307787392,1.3964400494438025,1735927.1800000246,2019-02-04,2020-06-09,0.05608958477851551
PRJ-2019-124,1780,1615,28,15,14074.0,912.0,15442.0,59.91460674157303,1.3966011235955411,1296665.8200000087,2019-02-04,2020-02-06,0.060856799679701055
PRJ-2019-125,5027,3826,31,15,39652.0,2204.0,42958.0,59.89725482395067,1.3975353093296645,3609036.790000005,2019-01-11,2021-01-19,0.052656727828746176
PRJ-2019-126,4273,3384,31,15,33670.0,1910.0,36535.0,59.597940556985726,1.3973882518137601,3054055.760000022,2019-02-20,2020-10-27,0.053681843732433954
PRJ-2019-127,1530,1411,30,15,11988.0,708.0,13050.0,59.926797385620915,1.3967254901961097,1094642.0199999968,2019-02-25,2019-12-27,0.055765595463137994
PRJ-2019-128,3087,2616,31,15,24398.0,1372.0,26456.0,60.04340783932621,1.396864269517378,2227059.330000049,2019-01-28,2020-10-02,0.05324020178502134
PRJ-2019-129,2446,2157,31,15,19294.0,1130.0,20989.0,59.90923957481603,1.396704824202826,1765811.670000029,2019-01-07,2020-05-12,0.055327066196631414
PRJ-2019-130,2972,2560,30,15,23412.0,1284.0,25338.0,59.908815612382234,1.3977018842530804,2129806.9800000372,2019-03-28,2020-06-01,0.051992225461613216
PRJ-2019-131,4418,3472,31,15,34820.0,1930.0,37715.0,59.807378904481666,1.3975531914894084,3159829.630000014,2019-01-31,2020-11-06,0.05251700680272109
PRJ-2019-132,2902,2463,31,15,22902.0,1312.0,24870.0,59.701240523776704,1.3965403170227921,2076163.4800000458,2019-02-15,2020-09-22,0.054183530189146775
PRJ-2019-133,1633,1483,31,15,12886.0,770.0,14041.0,59.90508266993264,1.3967299448867454,1178608.9200000009,2019-04-01,2020-03-03,0.05638547158758055
PRJ-2019-134,1980,1756,31,15,15618.0,932.0,17016.0,59.768181818181816,1.3963737373737768,1425065.5900000155,2019-02-13,2020-03-18,0.05631419939577039
PRJ-2019-135,1953,1750,31,15,15390.0,890.0,16725.0,59.934715821812595,1.3966973886329117,1406692.8400000117,2019-01-14,2020-02-17,0.05466830466830467
PRJ-2019-136,1527,1407,29,15,12056.0,642.0,13019.0,59.67419777341192,1.3963785199738354,1088900.8399999978,2019-01-10,2019-11-13,0.0505591431721531
PRJ-2019-137,3739,3090,31,15,29406.0,1822.0,32139.0,59.649505215298205,1.3973602567531886,2688846.830000038,2019-03-08,2020-09-11,0.05834507493275266
PRJ-2019-138,5053,3835,31,15,39762.0,2298.0,43209.0,59.65357213536513,1.3973956065704016,3612764.9900000095,2019-01-31,2021-02-08,0.05463623395149786
PRJ-2019-139,1864,1682,30,15,14698.0,786.0,15877.0,59.8924356223176,1.396775751073,1334079.010000008,2019-03-19,2020-03-20,0.05076207698269181
PRJ-2019-140,4376,3448,31,15,34496.0,1982.0,37469.0,59.39316727605119,1.397013254113392,3130315.0600000266,2019-01-30,2020-11-05,0.054334119195131314
PRJ-2019-141,2833,2418,31,15,22390.0,1270.0,24295.0,59.8231556653724,1.396448993999342,2039336.0100000438,2019-02-28,2020-10-05,0.0536770921386306
PRJ-2019-142,1604,1467,31,15,12666.0,728.0,13758.0,59.75623441396509,1.3965149625935487,1152822.2699999993,2019-03-11,2020-02-11,0.05435269523667314
PRJ-2019-143,2538,2210,30,15,19996.0,1140.0,21706.0,59.83234830575256,1.3964617809299122,1822418.3800000339,2019-02-15,2020-07-22,0.053936411809235425
PRJ-2019-144,3352,2785,30,15,26404.0,1502.0,28657.0,59.805936754176614,1.3975447494033897,2407015.28000003,2019-02-25,2020-06-30,0.05382355049093385
PRJ-2019-145,1917,1748,31,15,15190.0,926.0,16579.0,59.95018257694314,1.3965936358894495,1395032.4500000114,2019-01-01,2020-02-04,0.0574584264085381
PRJ-2019-146,1456,1348,31,15,11468.0,624.0,12404.0,59.9220467032967,1.3964972527472808,1044898.3399999932,2019-02-11,2019-12-13,0.051604366523321205
PRJ-2019-147,3521,2926,31,15,27740.0,1646.0,30209.0,59.546293666572,1.3971826185743168,2523663.760000026,2019-03-20,2020-08-24,0.05601306744708365
PRJ-2019-148,2541,2214,30,15,20014.0,1120.0,21694.0,59.75245966155057,1.3964856355765911,1818597.2900000364,2019-01-14,2020-06-18,0.05299517365382796
PRJ-2019-149,2965,2531,31,15,23402.0,1446.0,25571.0,60.18802698145025,1.397005059021971,2158678.070000039,2019-02-18,2020-10-23,0.058193818415969094
PRJ-2019-150,4222,3410,31,15,33344.0,1866.0,36143.0,59.680483183325435,1.3974159166272369,3025999.66000002,2019-01-04,2020-09-10,0.05299630786708322
PRJ-2019-151,3083,2613,31,15,24342.0,1362.0,26385.0,59.78040869283166,1.3963671748297573,2209456.420000046,2019-01-23,2020-09-29,0.05298786181139122
PRJ-2019-152,2512,2194,31,15,19798.0,1178.0,21565.0,60.28742038216561,1.39727308917202,1821254.7700000338,2019-03-29,2020-09-02,0.05615942028985507
PRJ-2019-153,4041,3240,31,15,31872.0,1804.0,34578.0,59.52239544667162,1.3972160356347914,2888750.780000025,2019-02-11,2020-09-16,0.053569307518707684
PRJ-2019-154,5346,4037,31,15,42152.0,2414.0,45773.0,59.75364758698092,1.3975589225589669,3843168.960000008,2019-01-09,2021-02-16,0.05416685365525288
PRJ-2019-155,2995,2554,31,15,23612.0,1368.0,25664.0,59.88247078464107,1.3965642737896968,2156938.790000045,2019-03-05,2020-11-09,0.054763811048839074
PRJ-2019-156,1983,1791,31,15,15616.0,882.0,16939.0,60.0499243570348,1.396893595562319,1433285.7700000112,2019-01-14,2020-02-17,0.05346102557885804
PRJ-2019-157,3137,2643,31,15,24778.0,1428.0,26920.0,59.67150143449155,1.3974306662416829,2253919.740000037,2019-01-17,2020-04-22,0.05449133786155842
PRJ-2019-158,2316,2038,29,15,18316.0,1034.0,19867.0,59.63298791018998,1.3963039723661927,1658562.8200000224,2019-03-25,2020-06-26,0.05343669250645995
PRJ-2019-159,2676,2327,31,15,21032.0,1226.0,22871.0,60.08464125560538,1.3968834080717967,1929201.790000033,2019-01-31,2020-08-06,0.055081319076287175
PRJ-2019-160,2372,2082,31,15,18712.0,1004.0,20218.0,59.729342327150086,1.3962310286678357,1692756.6000000308,2019-02-26,2020-07-01,0.05092310813552445
PRJ-2020-161,4786,3715,8,15,37690.0,2228.0,41032.0,59.771312160468035,1.3975699958211907,3439411.900000009,2020-02-03,2022-01-10,0.0558144195600982
PRJ-2020-162,1180,1104,8,15,9290.0,482.0,10013.0,60.14915254237288,1.3969322033898317,845176.2999999993,2020-02-26,2020-10-28,0.04932460090053213
PRJ-2020-163,4792,3730,8,15,37768.0,2170.0,41023.0,59.847245409015024,1.3975521702838511,3440685.1800000127,2020-01-01,2021-12-08,0.054334218037958834
PRJ-2020-164,2423,2141,8,15,19140.0,1150.0,20865.0,59.85080478745357,1.396619892695051,1755751.3000000292,2020-02-03,2021-06-08,0.056678166584524396
PRJ-2020-165,5011,3808,8,15,39464.0,2244.0,42830.0,59.76202354819397,1.397525444023192,3589232.94000001,2020-02-27,2022-03-07,0.05380262779322912
PRJ-2020-166,2829,2436,8,15,22300.0,1226.0,24139.0,59.69158713326264,1.3964298338636039,2021982.5100000387,2020-01-27,2021-09-01,0.0521125563206665
PRJ-2020-167,2450,2153,8,15,19304.0,1098.0,20951.0,59.82,1.396604081632698,1755733.390000031,2020-01-01,2021-05-06,0.05381825311243996
PRJ-2020-168,1060,974,8,15,8324.0,502.0,9077.0,60.01933962264151,1.3968962264151084,766306.2799999986,2020-01-22,2020-08-24,0.05687740765918876
PRJ-2020-169,1526,1404,8,15,12044.0,710.0,13109.0,59.62287024901704,1.3963695937090743,1095366.8099999977,2020-01-23,2020-11-25,0.05566880978516544
PRJ-2020-170,901,859,8,15,7084.0,418.0,7711.0,59.57824639289678,1.3960266370699255,643085.1699999998,2020-02-17,2020-08-18,0.05571847507331378
PRJ-2020-171,899,857,8,15,7100.0,424.0,7736.0,60.12903225806452,1.3968409343715271,652180.6399999994,2020-02-03,2020-08-04,0.05635300372142477
PRJ-2020-172,2901,2450,8,15,22896.0,1306.0,24855.0,59.83385039641503,1.3965253360910526,2090659.2500000447,2020-03-23,2021-10-27,0.053962482439467815
PRJ-2020-173,2237,1959,8,15,17668.0,1010.0,19183.0,59.89964237818507,1.3966294143943205,1611488.1100000213,2020-03-11,2021-06-15,0.05407431202484206
PRJ-2020-174,4811,3703,8,15,37954.0,2138.0,41161.0,59.57825815838703,1.397146123467099,3444668.810000014,2020-03-23,2022-02-28,0.053327347101666166
PRJ-2020-175,2292,2031,8,15,18114.0,958.0,19551.0,59.82678883071553,1.3966143106457678,1638902.6600000262,2020-01-13,2021-04-16,0.05023070469798658
PRJ-2020-176,2784,2409,8,15,21968.0,1202.0,23771.0,59.835847701149426,1.3966487068966003,1994725.9700000354,2020-03-06,2021-09-10,0.05187742770824342
PRJ-2020-177,1612,1478,8,15,12766.0,738.0,13873.0,59.65353598014888,1.3963585607940774,1159583.1799999997,2020-02-25,2021-01-27,0.05465047393364929
PRJ-2020-178,1703,1572,8,15,13442.0,726.0,14531.0,60.22930123311803,1.397046388725813,1223787.7200000023,2020-01-30,2021-01-01,0.05124223602484472
PRJ-2020-179,5448,4089,8,15,43060.0,2308.0,46522.0,59.8139684287812,1.3976523494860935,3905897.850000003,2020-03-16,2022-05-24,0.05087286192911303
PRJ-2020-180,4816,3722,8,15,37992.0,2260.0,41382.0,59.76733803986711,1.3974626245847621,3467223.7500000093,2020-01-20,2021-12-27,0.056146278445791516
PRJ-2020-181,2589,2243,8,15,20434.0,1082.0,22057.0,59.929316338354575,1.3967284665894633,1854872.1200000334,2020-03-09,2021-08-12,0.05028815765012084
PRJ-2020-182,2688,2336,8,15,21240.0,1268.0,23142.0,60.05877976190476,1.3968415178571902,1949011.4300000356,2020-03-23,2021-09-27,0.05633552514661454
PRJ-2020-183,6033,4266,8,15,47612.0,2660.0,51602.0,59.79388363998011,1.3974788662357442,4328496.679999999,2020-02-14,2022-06-24,0.05291215786123488
PRJ-2020-184,5506,4135,8,15,43398.0,2530.0,47193.0,59.7421903378133,1.3973919360697853,3956378.5500000087,2020-01-27,2022-04-05,0.05508622191255879
PRJ-2020-185,2846,2433,8,15,22556.0,1242.0,24419.0,60.026879831342235,1.3967919887561975,2055759.3300000427,2020-03-24,2021-10-28,0.0521892596016472
PRJ-2020-186,2151,1941,8,15,16966.0,908.0,18328.0,59.70362622036262,1.3964016736402087,1533804.77000002,2020-01-20,2021-03-24,0.050800044757748686
PRJ-2020-187,2623,2285,8,15,20660.0,1184.0,22436.0,60.14982844071674,1.3970034311857118,1893747.3400000334,2020-02-10,2021-07-15,0.05420252700970518
PRJ-2020-188,3724,3069,8,15,29386.0,1746.0,32005.0,59.5390708915145,1.3972234156821088,2671238.6600000304,2020-01-23,2021-07-29,0.056083772324296545
PRJ-2020-189,5275,4015,8,15,41654.0,2428.0,45296.0,59.66729857819905,1.3973289099526511,3795244.1800000104,2020-02-28,2022-04-07,0.05507917063654099
PRJ-2020-190,1815,1630,8,15,14360.0,820.0,15590.0,60.095316804407716,1.396787878787916,1314936.7600000084,2020-01-03,2021-01-06,0.05401844532279315
PRJ-2020-191,1474,1375,8,15,11602.0,656.0,12586.0,60.07055630936228,1.3968792401628516,1061105.0899999954,2020-03-05,2021-01-06,0.053516071137216514
PRJ-2020-192,2658,2317,8,15,20970.0,1074.0,22581.0,59.7056057185854,1.3963957863055392,1890768.5700000355,2020-01-17,2021-07-23,0.048720740337506806
PRJ-2020-193,5648,4193,8,15,44564.0,2582.0,48437.0,59.77664660056657,1.397567280453301,4066490.4900000077,2020-03-09,2022-06-16,0.054766045899970306
PRJ-2020-194,1518,1402,8,15,11962.0,734.0,13063.0,60.11133069828722,1.396778656126513,1102735.129999997,2020-02-03,2020-12-04,0.057813484562066794
PRJ-2020-195,3807,3122,8,15,30030.0,1670.0,32535.0,59.77685841870239,1.3974389282900403,2729084.9600000265,2020-03-05,2021-09-09,0.0526813880126183
PRJ-2020-196,4458,3537,8,15,35162.0,2130.0,38357.0,59.632122027815164,1.3972588604755973,3202449.8100000103,2020-01-08,2021-10-14,0.05711680789445457
PRJ-2020-197,1656,1514,8,15,13030.0,738.0,14137.0,59.89281400966183,1.3966364734299845,1185972.4800000004,2020-02-11,2021-01-13,0.05360255665310866
PRJ-2020-198,2079,1874,8,15,16422.0,922.0,17805.0,60.04761904761905,1.396897546897588,1500558.6100000166,2020-03-23,2021-05-26,0.05315959409594096
PRJ-2020-199,2351,2038,8,15,18540.0,976.0,20004.0,60.00255210548703,1.3968056146321153,1682671.1800000244,2020-01-09,2021-05-14,0.05001024800163968
PRJ-2020-200,1658,1521,8,15,13002.0,770.0,14157.0,59.74728588661037,1.396423401688815,1189294.6600000006,2020-01-03,2020-12-07,0.05591054313099041
PRJ-2020-201,3537,2938,8,15,27888.0,1542.0,30201.0,59.55046649703138,1.3972801809443494,2524373.2700000377,2020-01-06,2021-06-10,0.05239551478083588
PRJ-2020-202,5573,4162,8,15,44052.0,2478.0,47769.0,59.663556432801,1.3972438542975483,3993433.30000001,2020-02-05,2022-05-16,0.053255963894261765
PRJ-2020-203,5796,4320,8,15,45664.0,2648.0,49636.0,59.843340234644586,1.3975552104900306,4167158.170000008,2020-01-21,2022-05-31,0.05481039907269415
PRJ-2020-204,1937,1742,8,15,15280.0,772.0,16438.0,59.93649974186887,1.3966081569437665,1382817.3700000118,2020-02-17,2021-03-22,0.04809369548965861
PRJ-2020-205,5386,4071,8,15,42582.0,2400.0,46182.0,59.6784255477163,1.3973858150761687,3862304.2500000056,2020-01-28,2022-03-07,0.0533546752034147
PRJ-2020-206,2568,2226,8,15,20310.0,1182.0,22083.0,59.80432242990654,1.396436915887897,1853781.650000033,2020-02-21,2021-07-28,0.054997208263539925
PRJ-2020-207,1505,1387,8,15,11782.0,666.0,12781.0,59.89169435215947,1.3967242524917243,1076098.0899999968,2020-03-13,2021-01-14,0.053502570694087405
PRJ-2020-208,4236,3367,8,15,33396.0,2064.0,36492.0,59.93850330500472,1.397679414542067,3071347.760000024,2020-01-17,2021-09-23,0.05820642978003384
PRJ-2020-209,3090,2615,8,15,24358.0,1396.0,26452.0,59.913430420711975,1.3967831715210832,2218000.4400000437,2020-01-31,2021-10-07,0.054205172012114625
PRJ-2020-210,1502,1369,8,15,11856.0,718.0,12933.0,59.72103861517976,1.3964580559254633,1085284.409999997,2020-02-24,2020-12-25,0.05710195641800541
PRJ-2020-211,2344,2057,8,15,18538.0,1008.0,20050.0,59.72738907849829,1.396326791808918,1679930.7100000265,2020-01-03,2021-05-10,0.05157065384221836
PRJ-2020-212,5043,3861,8,15,39790.0,2150.0,43015.0,59.581102518342256,1.3973111243308007,3592841.750000003,2020-01-07,2022-01-13,0.051263710061993324
PRJ-2020-213,1830,1677,8,15,14388.0,866.0,15687.0,60.16393442622951,1.397202185792387,1325100.3000000082,2020-01-03,2021-01-06,0.056771994231021375
PRJ-2020-214,1716,1565,8,15,13516.0,798.0,14713.0,60.172494172494176,1.3971911421911771,1241345.2800000042,2020-01-15,2020-12-17,0.05574961576079363
PRJ-2020-215,4117,3330,8,15,32460.0,2006.0,35469.0,59.82244352683993,1.3973985912072358,2981241.1600000197,2020-03-11,2021-11-16,0.05820228631114722
PRJ-2020-216,2675,2299,8,15,21072.0,1126.0,22761.0,59.86803738317757,1.3966242990654676,1906008.650000036,2020-02-18,2021-08-24,0.05072529056671772
PRJ-2020-217,1790,1617,8,15,14124.0,794.0,15315.0,60.02905027932961,1.3968715083799255,1288425.0800000064,2020-01-29,2021-02-01,0.053224292800643516
PRJ-2020-218,4139,3306,8,15,32636.0,1810.0,35351.0,59.78412660062817,1.397557381009951,2968312.1600000197,2020-03-11,2021-11-16,0.05254601405097834
PRJ-2020-219,2937,2504,8,15,23086.0,1286.0,25015.0,59.89700374531835,1.3967109295199676,2100086.710000043,2020-02-10,2021-09-15,0.05276546857049073
PRJ-2020-220,4300,3404,8,15,33950.0,2008.0,36962.0,59.83709302325581,1.3974000000000433,3104637.3900000216,2020-01-16,2021-10-22,0.05584292786028144
PRJ-2020-221,4024,3216,8,15,31732.0,1808.0,34444.0,59.89612326043738,1.3975596421471628,2900876.690000025,2020-02-04,2021-09-09,0.05390578413834228
PRJ-2020-222,4813,3713,8,15,37950.0,2242.0,41313.0,59.72023685850821,1.3973758570538573,3459640.750000014,2020-02-24,2022-01-31,0.05578224522292994
PRJ-2020-223,1952,1749,8,15,15410.0,860.0,16700.0,59.76280737704918,1.3964702868852843,1401301.730000012,2020-01-27,2021-03-01,0.0528580208973571
PRJ-2020-224,2223,1968,8,15,17566.0,998.0,19063.0,60.015969410706255,1.3966711650922599,1602547.57000002,2020-03-10,2021-06-14,0.05375996552467141
PRJ-2020-225,3804,3090,8,15,30044.0,1798.0,32741.0,59.63748685594111,1.3972581493165568,2740009.9100000267,2020-02-04,2021-08-10,0.056466302367941715
PRJ-2020-226,3135,2635,8,15,24740.0,1414.0,26861.0,60.00956937799043,1.3968963317384835,2260336.1900000437,2020-03-06,2021-11-11,0.05406438785654202
PRJ-2020-227,3286,2779,8,15,25972.0,1536.0,28276.0,59.617772367620205,1.3972580645161754,2367006.520000033,2020-03-09,2021-07-13,0.055838301584993456
PRJ-2020-228,2419,2118,8,15,19078.0,1086.0,20707.0,60.193054981397275,1.3970731707317532,1748322.9200000286,2020-01-24,2021-05-31,0.053858361436222975
PRJ-2020-229,1790,1615,8,15,14094.0,758.0,15231.0,60.33016759776536,1.3971955307262933,1291606.8600000073,2020-01-27,2021-01-28,0.051036897387557234
PRJ-2020-230,1710,1552,8,15,13432.0,788.0,14614.0,59.74502923976608,1.3964970760234265,1220790.7000000041,2020-02-13,2021-01-15,0.055414908579465544
PRJ-2020-231,3812,3082,8,15,30134.0,1748.0,32756.0,59.49317943336831,1.397187827911906,2734648.8000000278,2020-01-08,2021-07-14,0.054827175208581644
PRJ-2020-232,2693,2288,8,15,21294.0,1298.0,23241.0,59.987931674712215,1.3968510954326498,1955325.9300000358,2020-03-16,2021-09-20,0.05745396600566572
PRJ-2020-233,2238,1978,8,15,17686.0,980.0,19156.0,59.81546023235031,1.3963985701519648,1605895.5900000199,2020-01-27,2021-04-30,0.05250187506696668
PRJ-2020-234,1828,1666,8,15,14438.0,820.0,15668.0,59.94392778993436,1.3968654266958793,1315172.2800000082,2020-01-09,2021-01-12,0.05374229912177218
PRJ-2020-235,4555,3600,8,15,35854.0,1948.0,38776.0,59.42162458836444,1.3970340285401113,3233748.860000026,2020-02-03,2021-12-09,0.0515316649912703
PRJ-2020-236,1549,1426,8,15,12206.0,698.0,13253.0,60.39283408650743,1.3973595868302449,1120738.629999999,2020-01-08,2020-11-10,0.05409175449473032
PRJ-2020-237,2562,2211,8,15,20202.0,1154.0,21933.0,59.76873536299766,1.3964324746292416,1841414.9700000323,2020-03-16,2021-08-19,0.05403633639258288
PRJ-2020-238,1970,1776,8,15,15562.0,848.0,16834.0,60.13274111675127,1.3971116751269428,1421182.7700000133,2020-01-15,2021-02-17,0.05167580743449116
PRJ-2020-239,2952,2482,8,15,23274.0,1376.0,25338.0,59.63313008130081,1.3971476964770178,2122398.8200000376,2020-02-12,2021-04-16,0.055821501014198784
PRJ-2020-240,3831,3103,8,15,30302.0,1868.0,33104.0,59.648394675019574,1.3973348995040942,2772306.290000026,2020-03-10,2021-09-14,0.05806652160397886
PRJ-2021-241,2891,2454,8,15,22828.0,1344.0,24844.0,60.054479418886196,1.3968280871671204,2094146.0400000447,2021-01-26,2022-09-01,0.055601522422637766
PRJ-2021-242,3390,2795,8,15,26766.0,1478.0,28983.0,59.68938053097345,1.3973716814159776,2427093.700000033,2021-02-08,2022-06-14,0.052329698343010905
PRJ-2021-243,3995,3198,8,15,31576.0,1672.0,34084.0,59.70863579474343,1.3975719649562375,2860111.8700000304,2021-02-01,2022-09-07,0.05028873917228104
PRJ-2021-244,2759,2375,8,15,21660.0,1222.0,23493.0,59.90304458137006,1.3967524465386487,1976544.9200000372,2021-02-03,2022-08-10,0.05340442269032427
PRJ-2021-245,1632,1487,8,15,12878.0,688.0,13910.0,60.28921568627451,1.3972732843137594,1176216.750000002,2021-01-20,2021-12-23,0.05071502285124576
PRJ-2021-246,4900,3776,8,15,38626.0,2182.0,41899.0,59.76244897959184,1.3974163265306578,3521520.3800000153,2021-03-23,2023-02-28,0.05346990786120369
PRJ-2021-247,1648,1494,8,15,13024.0,714.0,14095.0,60.12196601941748,1.3966990291262467,1189081.6500000006,2021-02-17,2022-01-20,0.05197263065948464
PRJ-2021-248,2000,1804,8,15,15838.0,940.0,17248.0,59.7955,1.3964350000000403,1448029.0900000134,2021-01-01,2022-02-04,0.056025748003337705
PRJ-2021-249,4011,3260,8,15,31534.0,1844.0,34300.0,59.958489154824235,1.3978010471204652,2885223.490000019,2021-02-15,2022-09-21,0.05524597039966445
PRJ-2021-250,3362,2807,8,15,26550.0,1482.0,28773.0,59.783908387864365,1.397510410470007,2419486.5600000406,2021-03-29,2022-08-02,0.05286815068493151
PRJ-2021-251,4522,3562,8,15,35706.0,1968.0,38658.0,60.04743476337904,1.3978062804069455,3254276.4600000107,2021-01-01,2022-10-10,0.05223761745500876
PRJ-2021-252,1817,1646,8,15,14340.0,846.0,15609.0,59.69069895432031,1.396378646120015,1305302.5300000082,2021-03-09,2022-03-11,0.05570920584749111
PRJ-2021-253,5074,3879,8,15,39914.0,2278.0,43331.0,59.652739456050455,1.3974122979897972,3625012.9200000046,2021-03-24,2023-03-31,0.05399127796738718
PRJ-2021-254,2416,2106,8,15,19048.0,1100.0,20698.0,60.11506622516556,1.3969495033113026,1743117.7300000282,2021-02-01,2022-06-07,0.05459598967639468
PRJ-2021-255,1525,1407,8,15,12028.0,760.0,13168.0,60.24295081967213,1.3971606557377356,1112060.9399999988,2021-03-08,2022-01-07,0.059430716296528
PRJ-2021-256,2251,1997,8,15,17734.0,1030.0,19279.0,60.047978676143934,1.3969213682808068,1620465.8800000208,2021-03-12,2022-06-16,0.054892347047537836
PRJ-2021-257,5235,3974,8,15,41298.0,2308.0,44760.0,59.88806112702961,1.3975186246418774,3764653.83000001,2021-02-17,2023-03-28,0.052928496078521306
PRJ-2021-258,1777,1599,8,15,13978.0,854.0,15259.0,60.238604389420374,1.3969555430501213,1291126.0900000054,2021-02-08,2022-02-10,0.057578209277238404
PRJ-2021-259,2653,2300,8,15,20982.0,1206.0,22791.0,60.08462118356577,1.3967885412740764,1922360.6300000385,2021-03-02,2022-09-06,0.05435370470524608
PRJ-2021-260,5320,4035,8,15,41886.0,2366.0,45435.0,59.84783834586466,1.3975225563910196,3818653.370000017,2021-03-22,2023-05-30,0.05346650998824912
PRJ-2021-261,1511,1379,8,15,11922.0,788.0,13104.0,59.690271343481136,1.3965453342157816,1096990.1499999978,2021-02-22,2021-12-24,0.06199842643587726
PRJ-2021-262,2099,1874,8,15,16548.0,914.0,17919.0,59.54025726536446,1.3961124344926565,1498108.1700000176,2021-01-04,2022-03-09,0.05234222883976635
PRJ-2021-263,1656,1503,8,15,13070.0,748.0,14192.0,60.181461352657,1.3970833333333674,1193665.2000000025,2021-01-04,2021-12-07,0.054132291214358086
PRJ-2021-264,5619,4217,8,15,44396.0,2586.0,48275.0,59.57269976864211,1.3971507385656248,4034718.570000006,2021-03-22,2023-06-29,0.0550423566472266
PRJ-2021-265,2419,2125,8,15,19032.0,1104.0,20688.0,59.899751963621334,1.396564696155481,1736720.9500000265,2021-01-28,2022-06-03,0.054827175208581644
PRJ-2021-266,2410,2113,8,15,18990.0,1086.0,20619.0,59.9603734439834,1.3966597510373897,1734271.650000029,2021-03-22,2022-07-26,0.054094441123729825
PRJ-2021-267,4889,3780,8,15,38584.0,2128.0,41776.0,59.879014113315606,1.3975250562487664,3506680.8400000185,2021-01-28,2023-01-05,0.052269601100412656
PRJ-2021-268,1605,1467,8,15,12658.0,694.0,13699.0,59.985046728971966,1.3966666666666996,1152328.1,2021-03-22,2022-02-22,0.05197723187537447
PRJ-2021-269,4887,3758,8,15,38514.0,2270.0,41919.0,59.652752199713525,1.3973357888275464,3508846.750000005,2021-03-04,2023-02-09,0.055659081992938404
PRJ-2021-270,3085,2629,8,15,24286.0,1324.0,26272.0,59.83614262560778,1.3966094003241967,2203428.7400000384,2021-02-12,2022-10-20,0.051698555251854746
PRJ-2021-271,4232,3329,8,15,33420.0,2080.0,36540.0,59.58967391304348,1.3972707939508966,3059454.130000021,2021-01-08,2022-09-15,0.05859154929577465
PRJ-2021-272,1192,1130,8,15,9394.0,498.0,10141.0,59.89681208053691,1.396484899328879,851626.1699999975,2021-03-29,2021-11-29,0.050343712090578245
PRJ-2021-273,1508,1377,8,15,11926.0,690.0,12961.0,60.01293103448276,1.3968766578249627,1091479.6599999995,2021-01-22,2021-11-25,0.05469245402663285
PRJ-2021-274,2713,2346,8,15,21424.0,1290.0,23359.0,60.1940656100258,1.3969664577958458,1973520.800000039,2021-03-22,2022-09-26,0.056793167209650434
PRJ-2021-275,1172,1106,8,15,9222.0,442.0,9885.0,59.790529010238906,1.396382252559746,829294.5299999969,2021-03-29,2021-11-29,0.045736754966887415
PRJ-2021-276,3059,2564,8,15,24060.0,1330.0,26055.0,59.963223275580255,1.396825760052353,2192338.190000043,2021-03-19,2022-11-24,0.05238282788499409
PRJ-2021-277,1244,1166,8,15,9808.0,620.0,10738.0,60.29139871382637,1.3973633440514703,910688.7899999965,2021-02-08,2021-10-11,0.05945531261986958
PRJ-2021-278,2239,1994,8,15,17674.0,1058.0,19261.0,59.83675748101831,1.3965386333184884,1618392.390000024,2021-01-26,2022-05-02,0.05648088831945334
PRJ-2021-279,2446,2151,8,15,19274.0,1074.0,20885.0,59.914758789861,1.3967865903516392,1757119.5100000298,2021-02-19,2022-06-27,0.05278160015726361
PRJ-2021-280,4952,3826,8,15,39056.0,2296.0,42500.0,59.70537156704362,1.397354604200369,3555981.650000009,2021-01-05,2023-01-12,0.0555233120526214
PRJ-2021-281,1815,1634,8,15,14298.0,742.0,15411.0,59.75123966942149,1.396490358126759,1293702.3700000092,2021-02-17,2022-02-21,0.04933510638297872
PRJ-2021-282,4274,3392,8,15,33772.0,1890.0,36607.0,59.74520355638746,1.397496490407159,3066817.3700000173,2021-03-04,2022-11-09,0.05299758846951937
PRJ-2021-283,2691,2324,8,15,21196.0,1170.0,22951.0,60.05555555555556,1.3967670011148747,1929809.3600000348,2021-01-11,2022-07-18,0.05231154430832514
PRJ-2021-284,2239,1974,8,15,17604.0,940.0,19014.0,59.87248771773113,1.3966592228673935,1600905.6000000208,2021-03-01,2022-06-03,0.05069025021570319
PRJ-2021-285,2432,2101,8,15,19080.0,1054.0,20661.0,59.58655427631579,1.3962952302632021,1727268.200000029,2021-03-12,2022-07-18,0.05234925995827953
PRJ-2021-286,2738,2358,8,15,21524.0,1242.0,23387.0,59.815010956902846,1.3966691015339927,1962117.5800000124,2021-01-12,2022-07-19,0.05455503821488184
PRJ-2021-287,1512,1390,8,15,11916.0,682.0,12939.0,59.96660052910053,1.396832010582041,1090014.0299999989,2021-03-01,2021-12-31,0.054135577075726304
PRJ-2021-288,2860,2448,8,15,22512.0,1270.0,24417.0,59.507342657342654,1.3961783216783699,2040894.9100000423,2021-01-25,2022-08-31,0.05340173240265747
PRJ-2021-289,5576,4166,8,15,43964.0,2550.0,47789.0,59.718794835007174,1.3974623385940204,4001154.469999995,2021-04-01,2023-06-09,0.054822204067592556
PRJ-2021-290,2925,2509,8,15,23076.0,1230.0,24921.0,59.64786324786325,1.3972991452991974,2084344.8300000385,2021-01-06,2022-03-11,0.05060478894100222
PRJ-2021-291,3769,3097,8,15,29694.0,1712.0,32262.0,59.60652693022022,1.3971902361369533,2700798.4700000277,2021-02-19,2022-08-26,0.05451187671145641
PRJ-2021-292,5164,3949,8,15,40652.0,2268.0,44054.0,59.65259488768397,1.3973586367157684,3690607.010000018,2021-01-05,2023-02-13,0.05284249767008388
PRJ-2021-293,3075,2598,8,15,24270.0,1402.0,26373.0,60.03219512195122,1.3970081300813488,2221879.780000042,2021-02-02,2022-10-10,0.0546120286693674
PRJ-2021-294,6078,4307,8,15,48012.0,2764.0,52158.0,59.79878249424153,1.397486015136599,4377291.830000007,2021-03-03,2023-07-12,0.05443516622026154
PRJ-2021-295,5259,3984,8,15,41358.0,2220.0,44688.0,59.79596881536414,1.3975166381441768,3751148.750000008,2021-02-17,2023-03-28,0.05094313644499518
PRJ-2021-296,3058,2569,8,15,24098.0,1390.0,26183.0,59.80493786788751,1.396536952256423,2192659.1800000444,2021-01-28,2022-10-05,0.05453546767106089
PRJ-2021-297,1670,1514,8,15,13148.0,736.0,14252.0,59.77365269461078,1.396508982035962,1196602.9600000035,2021-02-23,2022-01-26,0.053010659752232785
PRJ-2021-298,2702,2328,8,15,21258.0,1296.0,23202.0,60.11935603256847,1.397031828275399,1956637.5100000382,2021-01-25,2022-08-01,0.05746209098164405
PRJ-2021-299,2518,2211,8,15,19886.0,1200.0,21686.0,59.62887212073074,1.3962192216044933,1813333.800000029,2021-01-14,2022-06-21,0.0569097979702172
PRJ-2021-300,1370,1285,8,15,10840.0,636.0,11794.0,59.64671532846715,1.3962773722628,987379.7999999949,2021-03-08,2021-12-08,0.05542000697107006
PRJ-2021-301,2398,2108,8,15,18916.0,1094.0,20557.0,60.0512927439533,1.3968432026689357,1729635.7700000254,2021-01-14,2022-05-20,0.054672663668165915
PRJ-2021-302,1638,1488,8,15,12938.0,766.0,14087.0,59.83730158730159,1.3966727716728045,1184523.1700000016,2021-02-01,2022-01-04,0.05589608873321658
PRJ-2021-303,5057,3869,8,15,39896.0,2256.0,43280.0,59.668578208423966,1.3973917342298248,3623177.58000001,2021-01-27,2023-02-03,0.053520592142721576
PRJ-2021-304,1988,1780,8,15,15726.0,868.0,17028.0,59.850603621730386,1.3966247484909848,1430876.5200000124,2021-03-19,2022-04-22,0.05230806315535736
PRJ-2021-305,4168,3325,8,15,32996.0,1846.0,35765.0,59.90259117082534,1.397588771593136,3007357.2100000237,2021-03-01,2022-11-04,0.05298203317834797
PRJ-2021-306,3061,2563,8,15,24146.0,1334.0,26147.0,59.87896112381575,1.3966710225417,2195103.5600000415,2021-01-18,2022-09-23,0.05235478806907378
PRJ-2021-307,3552,2953,8,15,27982.0,1584.0,30358.0,59.469031531531535,1.3972466216216695,2529360.4500000286,2021-04-01,2022-09-06,0.05357505242508286
PRJ-2021-308,5155,3972,8,15,40748.0,2406.0,44357.0,59.862366634335594,1.3975169738118771,3729091.7800000035,2021-01-06,2023-02-14,0.055753811929369235
PRJ-2021-309,5491,4105,8,15,43266.0,2384.0,46842.0,59.83691495173921,1.3976252048807578,3936480.210000008,2021-02-23,2023-05-03,0.05222343921139102
PRJ-2021-310,1757,1590,8,15,13814.0,828.0,15056.0,59.64684120660216,1.396374501992068,1258807.5900000047,2021-01-19,2022-01-21,0.056549651686928014
PRJ-2021-311,1985,1750,8,15,15678.0,818.0,16905.0,59.82493702770781,1.3964181360201908,1416810.3400000106,2021-02-15,2022-03-21,0.049587778855480116
PRJ-2021-312,2581,2229,8,15,20298.0,1144.0,22014.0,60.08252615265401,1.3969197985277493,1856538.0100000307,2021-01-01,2022-06-08,0.05335323197462923
PRJ-2021-313,1510,1389,8,15,11882.0,692.0,12920.0,59.962913907284765,1.3965695364238704,1087593.279999996,2021-02-19,2021-12-23,0.055034197550501034
PRJ-2021-314,2144,1911,8,15,16904.0,880.0,18224.0,60.15158582089552,1.3968703358209373,1537219.190000019,2021-01-11,2022-03-16,0.04948268106162843
PRJ-2021-315,5995,4381,8,15,47298.0,2634.0,51249.0,59.72827356130109,1.397447873227728,4299798.539999988,2021-03-31,2023-08-09,0.052751742369622684
PRJ-2021-316,2839,2410,8,15,22396.0,1246.0,24265.0,59.85435012328285,1.396710109193426,2036453.940000043,2021-03-22,2022-10-26,0.05270281702055664
PRJ-2021-317,1030,963,8,15,8136.0,430.0,8781.0,59.79757281553398,1.3966990291262262,736275.0499999998,2021-01-21,2021-08-24,0.05019845902404856
PRJ-2021-318,2622,2274,8,15,20706.0,1160.0,22446.0,60.079519450800916,1.397028985507293,1889886.7900000366,2021-03-15,2022-08-18,0.05305039787798409
PRJ-2021-319,3156,2656,8,15,24978.0,1424.0,27114.0,59.82541191381495,1.3974397972117103,2274941.610000035,2021-01-12,2022-04-18,0.053935307931217334
PRJ-2021-320,5866,4242,8,15,46244.0,2672.0,50252.0,59.67857142857143,1.3973184452779146,4209955.080000001,2021-01-25,2023-06-05,0.05462425382288004
PRJ-2022-321,2088,1879,8,15,16434.0,974.0,17895.0,59.707614942528735,1.3963266283525313,1499621.3900000178,2022-02-11,2023-04-18,0.055951286764705885
PRJ-2022-322,5507,4113,8,15,43426.0,2450.0,47101.0,59.894679498819684,1.3976139458870955,3955480.1700000055,2022-02-21,2024-04-30,0.05340483041241608
PRJ-2022-323,1509,1387,8,15,11944.0,704.0,13000.0,59.91981444665341,1.3966799204771674,1092075.2499999967,2022-01-19,2022-11-22,0.055660974067046176
PRJ-2022-324,2341,2075,8,15,18474.0,1052.0,20052.0,60.07753096967108,1.396920119607034,1688642.2800000086,2022-01-03,2023-05-09,0.053876882105910066
PRJ-2022-325,4364,3456,8,15,34462.0,1930.0,37357.0,59.84269019248396,1.397564161319935,3134152.2700000205,2022-03-21,2023-12-26,0.05303363376566278
PRJ-2022-326,2668,2308,8,15,21042.0,1076.0,22656.0,60.052661169415295,1.3967616191904517,1908264.8400000373,2022-02-07,2023-08-14,0.04864815986978931
PRJ-2022-327,5660,4185,8,15,44680.0,2528.0,48472.0,59.81952296819788,1.3974823321555203,4074061.940000006,2022-02-10,2024-05-21,0.053550245721064225
PRJ-2022-328,3118,2640,8,15,24692.0,1552.0,27020.0,59.906189865298266,1.3976010262989609,2267776.490000034,2022-02-07,2023-05-12,0.059137326627038564
PRJ-2022-329,3945,3209,8,15,31104.0,1724.0,33690.0,59.61102661596958,1.3971964512041026,2822140.180000029,2022-03-11,2023-10-17,0.052516144754477884
PRJ-2022-330,1159,1093,8,15,9100.0,528.0,9892.0,59.82053494391717,1.3965401207938066,832266.0199999973,2022-01-10,2022-09-12,0.054840049854590775
PRJ-2022-331,2111,1868,8,15,16716.0,924.0,18102.0,60.03387020369493,1.396669824727658,1524668.4500000176,2022-01-24,2023-03-29,0.05238095238095238
PRJ-2022-332,3058,2628,8,15,24134.0,1442.0,26297.0,60.040222367560496,1.3968247220405976,2212364.120000043,2022-01-03,2023-09-08,0.05638098217078511
PRJ-2022-333,3011,2554,8,15,23792.0,1324.0,25778.0,59.72384589837263,1.3965426768515932,2157313.920000042,2022-02-01,2023-10-09,0.052715400541487496
PRJ-2022-334,4404,3501,8,15,34740.0,2020.0,37770.0,59.673138056312446,1.3973433242507274,3162180.030000023,2022-01-17,2023-10-24,0.05495103373231774
PRJ-2022-335,2557,2200,8,15,20118.0,1174.0,21879.0,59.66093077825577,1.3963785686351646,1829434.6200000318,2022-03-28,2023-08-31,0.05513808003005824
PRJ-2022-336,1970,1767,8,15,15538.0,800.0,16738.0,59.66091370558376,1.3964467005076537,1402228.7400000133,2022-03-28,2023-05-01,0.04896560166483046
PRJ-2022-337,2432,2118,8,15,19210.0,1058.0,20797.0,59.78659539473684,1.3964062500000451,1746564.4600000277,2022-01-13,2023-05-19,0.05220051312413657
PRJ-2022-338,2726,2378,8,15,21474.0,1238.0,23331.0,60.01027146001467,1.3969222303742224,1962982.470000038,2022-03-15,2023-09-19,0.05450862979922508
PRJ-2022-339,5818,4267,8,15,45886.0,2596.0,49780.0,59.79056376761774,1.3975128910278871,4172678.2599999974,2022-02-23,2024-07-03,0.05354564580669114
PRJ-2022-340,1792,1633,8,15,14138.0,744.0,15254.0,59.60853794642857,1.396171875000037,1274959.730000008,2022-01-17,2023-01-19,0.049993280473054694
PRJ-2022-341,1798,1619,8,15,14176.0,816.0,15400.0,59.909899888765295,1.3966907675195024,1293938.3200000094,2022-03-03,2023-03-07,0.054429028815368194
PRJ-2022-342,1543,1424,8,15,12136.0,676.0,13150.0,60.268956578094624,1.3971678548282882,1111841.709999999,2022-01-03,2022-11-04,0.05276303465501093
PRJ-2022-343,2548,2224,8,15,20070.0,1242.0,21933.0,59.88147566718995,1.3965737833595435,1838012.1200000327,2022-03-23,2023-08-28,0.05827702702702703
PRJ-2022-344,1820,1654,8,15,14320.0,882.0,15643.0,60.18571428571428,1.3971043956044333,1318391.930000006,2022-02-01,2023-02-03,0.058018681752401
PRJ-2022-345,3599,2957,8,15,28320.0,1642.0,30783.0,59.99166435120867,1.3978771881078558,2598379.4900000244,2022-02-14,2023-07-20,0.05480275015019024
PRJ-2022-346,5937,4307,8,15,46974.0,2682.0,50997.0,59.926309583964965,1.3976570658582186,4290357.549999987,2022-03-01,2024-07-09,0.05401159980666989
PRJ-2022-347,2429,2102,8,15,19220.0,1146.0,20939.0,60.02428983120626,1.3968629065459486,1762197.960000028,2022-02-28,2023-07-04,0.056270254345477756
PRJ-2022-348,1984,1771,8,15,15706.0,852.0,16984.0,59.977066532258064,1.3967036290322963,1428580.6000000157,2022-01-26,2023-03-01,0.05145548979345332
PRJ-2022-349,2700,2352,8,15,21330.0,1246.0,23199.0,60.192962962962966,1.3970777777778243,1955131.0600000357,2022-03-30,2023-10-04,0.05519135364989369
PRJ-2022-350,4798,3694,8,15,37814.0,1998.0,40811.0,59.605564818674445,1.3975239683201786,3417416.2900000075,2022-01-17,2023-11-23,0.05018587360594796
PRJ-2022-351,1663,1540,8,15,13138.0,722.0,14221.0,59.93535778713169,1.3966746843055051,1197209.960000004,2022-01-13,2022-12-16,0.05209235209235209
PRJ-2022-352,4633,3626,8,15,36620.0,2146.0,39839.0,59.674616878912154,1.3972652708828428,3334076.5900000157,2022-03-03,2024-01-09,0.05535778775215395
PRJ-2022-353,2399,2105,8,15,18900.0,1050.0,20475.0,59.93747394747812,1.3968070029179276,1720890.5200000254,2022-02-01,2023-06-07,0.05263157894736842
PRJ-2022-354,1635,1490,8,15,12922.0,690.0,13957.0,59.54128440366973,1.3961834862385647,1166716.3700000017,2022-01-19,2022-12-22,0.05069056714663532
PRJ-2022-355,5176,3891,8,15,40842.0,2356.0,44376.0,60.07389876352396,1.3976642194745401,3743437.260000001,2022-03-21,2024-04-26,0.05453956201676004
PRJ-2022-356,4379,3462,8,15,34596.0,1910.0,37461.0,59.64341173783969,1.3971774377712256,3140016.4900000156,2022-03-03,2023-12-08,0.05232016654796472
PRJ-2022-357,1645,1522,8,15,12978.0,810.0,14193.0,60.00425531914894,1.3967537993921306,1193204.1000000022,2022-03-07,2023-02-07,0.0587467362924282
PRJ-2022-358,2689,2329,8,15,21202.0,1286.0,23131.0,59.94124209743399,1.3965860914838704,1946006.5900000366,2022-01-12,2023-07-19,0.0571860547847741
PRJ-2022-359,1058,996,8,15,8342.0,492.0,9080.0,59.705576559546316,1.3965784499054963,759150.3399999981,2022-02-07,2022-09-08,0.055693909893592936
PRJ-2022-360,2985,2564,8,15,23540.0,1250.0,25415.0,59.86683417085427,1.3964790619765979,2135462.820000048,2022-03-07,2023-11-10,0.050423557886244454
PRJ-2022-361,2554,2219,8,15,20124.0,1248.0,21996.0,59.99275646045419,1.3965661707126533,1853248.8200000343,2022-01-20,2023-06-27,0.058394160583941604
PRJ-2022-362,2120,1906,8,15,16692.0,990.0,18177.0,59.927830188679245,1.3966981132075886,1528389.72000002,2022-03-23,2023-05-26,0.055989141499830336
PRJ-2022-363,1671,1517,8,15,13114.0,712.0,14182.0,60.02363853979653,1.396912028725349,1194702.1500000027,2022-03-03,2023-02-03,0.05149717922754231
PRJ-2022-364,2077,1853,8,15,16376.0,1060.0,17966.0,59.771064034665386,1.3963697640828527,1504827.9200000167,2022-03-17,2023-05-22,0.06079376003670567
PRJ-2022-365,1994,1787,8,15,15684.0,878.0,17001.0,59.84503510531595,1.3966298896690463,1428967.3600000162,2022-01-03,2023-02-06,0.053012921144789275
PRJ-2022-366,5761,4254,8,15,45374.0,2664.0,49370.0,59.87059538274605,1.3974431522305635,4147185.570000058,2022-03-22,2024-06-28,0.05545609725633873
PRJ-2022-367,4348,3470,8,15,34314.0,1974.0,37275.0,59.75540478380865,1.3973183072677542,3123996.53000002,2022-02-22,2023-11-29,0.05439814814814815
PRJ-2022-368,2936,2517,8,15,23116.0,1218.0,24943.0,60.13027929155314,1.3971730245232101,2105247.380000043,2022-02-23,2023-09-29,0.0500534231938851
PRJ-2022-369,2258,1988,8,15,17806.0,998.0,19303.0,59.99180690876882,1.3967847652790513,1620235.3900000248,2022-01-03,2023-04-07,0.05307381408211019
PRJ-2022-370,1470,1356,8,15,11632.0,662.0,12625.0,59.74183673469388,1.3963469387755394,1055798.0599999959,2022-03-16,2023-01-17,0.053847405238327636
PRJ-2022-371,1659,1525,8,15,13092.0,686.0,14121.0,59.94002411091019,1.3968836648583827,1188430.960000003,2022-04-01,2023-03-06,0.049789519523878646
PRJ-2022-372,4668,3682,8,15,36746.0,2072.0,39854.0,59.935304198800345,1.3977699228792213,3354134.1300000143,2022-01-10,2023-11-16,0.05337729919109691
PRJ-2022-373,1520,1396,8,15,11954.0,664.0,12950.0,59.98552631578947,1.3967171052631888,1089744.109999998,2022-02-07,2022-12-09,0.05262323664606118
PRJ-2022-374,3344,2801,8,15,26242.0,1538.0,28549.0,59.90415669856459,1.3977063397129663,2399480.8700000304,2022-03-07,2023-07-11,0.05536357091432685
PRJ-2022-375,4821,3730,8,15,38092.0,2286.0,41521.0,59.66189587222568,1.3974797759801312,3476017.7400000133,2022-03-04,2024-02-09,0.056614988359998016
PRJ-2022-376,4993,3815,8,15,39370.0,2238.0,42727.0,59.69957941117565,1.397274183857447,3579305.1000000117,2022-01-21,2024-01-30,0.053787733128244565
PRJ-2022-377,1686,1529,8,15,13312.0,724.0,14398.0,60.1770462633452,1.3969691577699037,1211387.020000002,2022-02-18,2023-01-23,0.051581647192932456
PRJ-2022-378,894,841,8,15,7054.0,458.0,7741.0,59.899328859060404,1.3964765100671173,649392.9199999989,2022-02-24,2022-08-26,0.06096911608093717
PRJ-2022-379,3221,2683,8,15,25396.0,1506.0,27655.0,59.74899099658491,1.397528717789556,2318254.540000038,2022-02-16,2023-05-23,0.05598096795777266
PRJ-2022-380,2978,2532,8,15,23456.0,1324.0,25442.0,59.95517125587643,1.3969408999328907,2137958.500000042,2022-02-22,2023-09-28,0.05343018563357546
PRJ-2023-381,2262,2002,8,15,17832.0,1070.0,19437.0,59.858090185676396,1.396684350132669,1630637.660000017,2023-02-03,2024-05-09,0.056607766373928683
PRJ-2023-382,2344,2068,8,15,18466.0,1136.0,20170.0,59.83148464163823,1.3964633105802486,1696514.1300000253,2023-03-29,2024-08-01,0.05795327007448219
PRJ-2023-383,3013,2595,8,15,23754.0,1322.0,25737.0,59.93129770992366,1.396777298373763,2163944.2800000417,2023-01-17,2024-09-23,0.052719732014675384
PRJ-2023-384,2871,2417,8,15,22620.0,1368.0,24672.0,59.76245210727969,1.3974399164054856,2067199.6100000383,2023-02-02,2024-04-08,0.057028514257128564
PRJ-2023-385,3009,2564,8,15,23728.0,1220.0,25558.0,59.93270189431705,1.3965802592223808,2149642.3800000474,2023-02-03,2024-10-10,0.048901715568382235
PRJ-2023-386,1828,1661,8,15,14386.0,920.0,15766.0,59.57357768052516,1.3961597374179793,1318175.6800000076,2023-02-23,2024-02-27,0.060107147523846854
PRJ-2023-387,3164,2689,8,15,24966.0,1410.0,27081.0,59.748577749683946,1.3973419721871563,2272580.0400000373,2023-02-27,2024-05-31,0.05345768880800728
PRJ-2023-388,4764,3700,8,15,37650.0,2098.0,40797.0,59.74811083123426,1.3973362720403468,3423560.5700000217,2023-01-25,2025-01-01,0.052782529938613265
PRJ-2023-389,903,863,8,15,7116.0,424.0,7752.0,59.593023255813954,1.3963233665559294,649280.6999999995,2023-03-20,2023-09-19,0.05623342175066313
PRJ-2023-390,4236,3387,8,15,33424.0,1970.0,36379.0,59.69298866855524,1.397332389046317,3051256.2300000233,2023-01-26,2024-10-02,0.055659151268576595
PRJ-2023-391,3384,2815,8,15,26666.0,1434.0,28817.0,59.699911347517734,1.3973611111111617,2413343.5000000317,2023-02-22,2024-06-27,0.05103202846975089
PRJ-2023-392,1195,1114,8,15,9410.0,570.0,10265.0,60.35062761506276,1.3972887029288905,868685.0599999975,2023-02-03,2023-10-06,0.05711422845691383
PRJ-2023-393,2364,2081,8,15,18584.0,1148.0,20306.0,59.993654822335024,1.3966032148900602,1710774.500000024,2023-01-20,2024-05-27,0.05817960673018447
PRJ-2023-394,1462,1358,8,15,11554.0,712.0,12622.0,59.933994528043776,1.3964500683994816,1059873.7499999944,2023-02-23,2023-12-27,0.05804663296918311
PRJ-2023-395,857,820,8,15,6760.0,424.0,7396.0,59.99649941656943,1.3968728121353573,622517.1899999988,2023-02-20,2023-08-22,0.05902004454342984
PRJ-2023-396,1694,1542,8,15,13372.0,832.0,14620.0,59.56700118063755,1.3961865407320304,1217246.7600000042,2023-03-30,2024-03-01,0.05857504928189242
PRJ-2023-397,2711,2330,8,15,21292.0,1262.0,23185.0,59.81077093323497,1.3965178900775095,1943714.970000038,2023-03-22,2024-09-25,0.055954597854039195
PRJ-2023-398,2536,2209,8,15,19946.0,1160.0,21686.0,59.986198738170344,1.3965299684543042,1824668.0400000385,2023-02-20,2024-07-25,0.05496067468966171
PRJ-2023-399,5028,3802,8,15,39670.0,2192.0,42958.0,59.945505171042164,1.3977128082737105,3622001.9000000013,2023-01-20,2025-01-28,0.05236252448521332
PRJ-2023-400,1734,1577,8,15,13738.0,786.0,14917.0,59.8376585928489,1.3964590542099549,1252908.7900000077,2023-02-27,2024-02-29,0.054117323051500965
PRJ-2024-001,3808,3095,8,15,30068.0,1752.0,32696.0,60.08679096638655,1.397893907563071,2755206.250000024,2024-03-27,2025-10-01,0.05505971087366436
PRJ-2024-002,4982,3848,8,15,39304.0,2298.0,42751.0,59.737153753512644,1.3974026495383818,3584194.560000017,2024-02-05,2026-02-11,0.05523772895533868
PRJ-2024-003,2535,1943,10,15,20042.0,1522.0,22325.0,61.75621301775148,1.3992623274162204,1954577.9900000226,2024-02-19,2025-04-23,0.0705805972917826
PRJ-2024-004,2144,1894,8,15,16876.0,978.0,18343.0,59.68773320895522,1.3975792910448215,1534370.3500000166,2024-02-19,2024-12-20,0.054777640864792206
PRJ-2024-005,3101,2631,8,15,24454.0,1396.0,26548.0,60.00112866817156,1.3968429538858902,2234032.230000044,2024-03-27,2025-12-02,0.05400386847195358
