project_id,num_deliveries,num_unique_deliveries,num_sov_lines,num_material_categories,num_vendors,total_quantity,avg_unit_cost,total_material_cost,first_delivery_date,last_delivery_date
PRJ-2018-001,58,58,12,13,6,12506.0,53673.98258620689,16885860.85,2018-01-21,2018-12-15
PRJ-2018-002,60,60,10,16,6,9767.0,37852.82100000002,12583906.879999997,2018-03-26,2019-05-13
PRJ-2018-003,51,51,11,10,6,8319.0,21757.626470588235,5128479.36,2018-02-07,2019-01-31
PRJ-2018-004,56,56,13,13,6,10884.0,22123.003928571416,4652851.730000003,2018-04-09,2019-06-01
PRJ-2018-005,52,52,10,12,6,10240.0,9335.216730769233,3349216.83,2018-02-11,2018-09-07
PRJ-2018-006,50,50,11,12,6,7699.0,11136.1522,4690590.9399999995,2018-03-11,2019-05-14
PRJ-2018-007,66,66,13,13,6,12434.0,14086.371666666662,7894962.550000004,2018-04-15,2018-12-24
PRJ-2018-008,48,48,11,14,6,9973.0,8302.536875000003,2608971.52,2018-03-14,2019-10-27
PRJ-2018-009,66,66,13,12,6,14029.0,14561.41393939394,6127472.31,2018-04-10,2019-02-04
PRJ-2018-010,59,59,11,11,6,11072.0,22910.64423728813,5633774.6899999995,2018-02-27,2018-09-05
PRJ-2018-011,68,68,11,15,6,11453.0,51454.69132352941,20113100.43999999,2018-03-05,2019-01-13
PRJ-2018-012,61,61,13,10,6,10729.0,5749.1359016393435,4523072.72,2018-03-11,2019-04-21
PRJ-2018-013,59,59,10,17,6,13589.0,8096.049491525423,1874186.33,2018-01-27,2019-05-14
PRJ-2018-014,54,54,10,15,6,9785.0,26366.025925925926,4903810.789999998,2018-02-12,2019-01-27
PRJ-2018-015,60,60,10,17,6,9792.0,35336.818666666644,10278685.880000003,2018-04-04,2019-07-10
PRJ-2018-016,53,53,10,14,6,9068.0,35189.83339622643,9104486.480000002,2018-03-18,2019-06-15
PRJ-2018-017,54,54,10,18,6,9581.0,15266.582962962959,7888240.659999997,2018-03-25,2018-11-26
PRJ-2018-018,64,64,13,13,6,14850.0,11685.4353125,4582607.300000001,2018-03-26,2019-08-10
PRJ-2018-019,49,49,12,17,6,8416.0,15901.75591836735,8951036.47,2018-04-18,2020-04-01
PRJ-2018-020,61,61,13,16,6,11558.0,8710.16786885246,3930355.139999999,2018-02-12,2019-07-13
PRJ-2018-021,48,48,11,15,6,7386.0,84010.46104166665,22808826.19,2018-04-08,2019-12-29
PRJ-2018-022,55,55,10,13,6,10167.0,46634.17345454544,14584040.840000004,2018-05-06,2019-04-15
PRJ-2018-023,62,62,14,13,6,10516.0,7998.99016129032,4251639.470000001,2018-02-20,2019-07-12
PRJ-2018-024,54,54,10,11,6,8634.0,27483.015185185188,8709924.470000003,2018-04-27,2019-02-27
PRJ-2018-025,58,58,12,14,6,9300.0,27471.817413793106,8655795.14,2018-01-18,2019-12-30
PRJ-2018-026,48,48,10,9,6,8206.0,7441.826041666666,2439333.6899999995,2018-03-12,2019-07-09
PRJ-2018-027,54,54,12,16,6,8292.0,26530.17407407406,6337538.360000001,2018-04-12,2019-11-04
PRJ-2018-028,53,53,11,14,6,11011.0,11028.206603773584,4344682.469999999,2018-01-25,2018-12-14
PRJ-2018-029,59,59,11,15,6,12647.0,17793.07745762712,4435357.47,2018-03-19,2019-05-17
PRJ-2018-030,58,58,12,17,6,9729.0,17809.721206896556,6997171.75,2018-03-15,2019-04-10
PRJ-2018-031,52,52,12,12,6,9347.0,117592.41153846156,20380766.03,2018-03-11,2019-07-18
PRJ-2018-032,59,59,11,13,6,8004.0,20966.69016949152,10226295.26,2018-04-03,2019-03-27
PRJ-2018-033,53,53,11,10,6,8735.0,15136.42641509434,4793342.55,2018-03-31,2019-03-24
PRJ-2018-034,43,43,11,12,6,9840.0,40316.580465116276,8259422.620000001,2018-04-29,2020-01-30
PRJ-2018-035,52,52,11,12,6,10197.0,18079.010384615387,5188360.699999999,2018-04-19,2019-01-29
PRJ-2018-036,45,45,11,14,6,7077.0,77802.83888888887,12795009.35,2018-03-07,2019-02-08
PRJ-2018-037,60,60,14,12,6,11788.0,30888.36233333333,15659099.190000003,2018-03-28,2020-03-15
PRJ-2018-038,61,61,12,12,6,9203.0,13097.610819672136,4351529.179999999,2018-04-11,2019-01-03
PRJ-2018-039,50,50,10,14,6,11551.0,5492.1182,2315900.1199999996,2018-03-17,2019-05-09
PRJ-2018-040,54,54,11,11,6,12653.0,23363.96962962963,8842785.909999996,2018-04-19,2019-07-07
PRJ-2018-041,61,61,12,16,6,12499.0,36948.17606557377,18677751.849999987,2018-02-13,2018-11-16
PRJ-2018-042,46,46,12,14,6,9346.0,24503.321521739148,6762014.339999999,2018-03-12,2019-01-02
PRJ-2018-043,51,51,11,11,6,7080.0,18202.927254901955,3149499.51,2018-04-10,2019-06-03
PRJ-2018-044,63,63,12,15,6,11677.0,7426.116190476191,3328204.9300000016,2018-03-24,2019-02-12
PRJ-2018-045,53,53,11,13,6,9135.0,7103.983018867926,1907194.2099999993,2018-04-24,2019-05-24
PRJ-2018-046,46,46,12,11,6,8150.0,12840.563260869563,3001731.5100000007,2018-01-30,2018-10-28
PRJ-2018-047,64,64,11,10,6,9728.0,20017.885312500006,5529571.290000001,2018-03-17,2019-01-10
PRJ-2018-048,53,53,12,15,6,10522.0,10057.449056603775,2870879.389999999,2018-02-11,2019-07-11
PRJ-2018-049,54,54,10,14,6,8895.0,4027.056851851852,2084057.5999999996,2018-02-22,2019-04-28
PRJ-2018-050,58,58,11,14,6,12629.0,4226.240862068965,1529546.66,2018-03-17,2019-07-01
PRJ-2018-051,55,55,10,14,6,8977.0,6154.208545454545,2634052.3000000003,2018-05-02,2019-08-16
PRJ-2018-052,69,69,15,15,6,12796.0,4234.45188405797,1453312.5599999996,2018-03-27,2019-04-29
PRJ-2018-053,51,51,11,14,6,8696.0,4723.035882352941,1438476.6500000001,2018-04-08,2019-04-29
PRJ-2018-054,54,54,11,13,6,9323.0,19607.542592592592,8669392.5,2018-06-02,2020-02-14
PRJ-2018-055,63,63,13,16,6,10129.0,6494.280317460318,2391621.7500000005,2018-04-13,2019-09-22
PRJ-2018-056,45,45,12,14,6,6566.0,39645.427777777775,15452423.470000003,2018-05-04,2019-07-08
PRJ-2018-057,51,51,12,15,6,9426.0,12319.117450980382,7181530.920000001,2018-04-16,2019-07-28
PRJ-2018-058,51,51,12,14,6,6239.0,7285.843529411765,2467290.26,2018-02-03,2018-06-10
PRJ-2018-059,60,60,11,12,6,11860.0,10087.78566666667,5177799.949999999,2018-03-14,2019-05-25
PRJ-2018-060,42,42,10,14,6,8867.0,18794.011190476194,5242988.79,2018-02-07,2018-09-10
PRJ-2018-061,48,48,12,13,6,6525.0,46620.17645833332,15448755.420000002,2018-02-23,2019-04-29
PRJ-2018-062,54,54,10,15,6,11204.0,24320.14129629629,8301273.450000002,2018-02-22,2019-07-22
PRJ-2018-063,57,57,11,11,6,9398.0,8272.676491228069,2310454.7499999995,2018-04-01,2019-01-23
PRJ-2018-064,64,64,12,15,6,10926.0,9526.69453125,5420111.14,2018-02-06,2019-04-18
PRJ-2018-065,53,53,11,13,6,13069.0,13925.691320754713,4521697.56,2018-02-25,2019-03-09
PRJ-2018-066,56,56,11,13,6,11633.0,16631.024107142865,8523319.9,2018-05-13,2019-07-07
PRJ-2018-067,56,56,12,15,6,10389.0,27925.368571428575,11444269.16,2018-02-05,2018-06-29
PRJ-2018-068,42,42,11,8,6,7471.0,14921.887857142861,3498701.94,2018-03-21,2019-04-25
PRJ-2018-069,62,62,11,16,6,10629.0,20067.186451612903,7073829.669999998,2018-02-20,2019-01-13
PRJ-2018-070,68,68,12,15,6,13987.0,8472.184558823528,6144163.53,2018-04-09,2019-03-09
PRJ-2018-071,54,54,12,16,6,8690.0,26454.862222222222,11684280.750000004,2018-04-01,2019-02-09
PRJ-2018-072,52,52,12,15,6,7715.0,27842.814423076925,8323442.210000004,2018-02-01,2018-08-14
PRJ-2018-073,56,56,12,8,6,11108.0,3197.679464285714,2303791.27,2018-01-30,2018-06-23
PRJ-2018-074,60,60,11,12,6,12777.0,3442.8100000000004,1749149.5900000003,2018-03-09,2018-12-10
PRJ-2018-075,52,52,11,13,6,9118.0,19366.508269230766,5273609.120000002,2018-03-20,2019-12-09
PRJ-2018-076,57,57,10,14,6,11037.0,23401.805087719298,7122427.529999998,2018-02-28,2019-05-22
PRJ-2018-077,56,56,11,16,6,7991.0,5150.782857142857,2209171.5899999994,2018-03-19,2019-02-08
PRJ-2018-078,52,52,11,14,6,8502.0,10019.376346153846,3762652.6999999997,2018-02-14,2019-04-19
PRJ-2018-079,55,55,13,13,6,4690.0,26960.14163636364,6910706.2700000005,2018-04-06,2019-06-03
PRJ-2018-080,45,45,10,13,6,9499.0,39784.9308888889,9365280.419999998,2018-03-01,2019-03-07
PRJ-2019-081,56,56,11,13,6,12137.0,41798.327857142845,23506396.67,2019-05-21,2020-12-23
PRJ-2019-082,52,52,12,12,6,9272.0,69529.79615384618,18733970.890000004,2019-05-13,2020-11-24
PRJ-2019-083,60,60,10,14,6,10875.0,6344.631166666669,3654796.7499999995,2019-02-09,2020-06-01
PRJ-2019-084,56,56,11,12,6,9834.0,12987.49464285714,2962420.1300000004,2019-03-06,2020-03-15
PRJ-2019-085,53,53,12,13,6,8876.0,10118.034905660372,2759777.36,2019-04-12,2020-05-04
PRJ-2019-086,67,67,12,15,6,12049.0,26884.323432835805,7085268.0699999975,2019-03-22,2020-03-25
PRJ-2019-087,53,53,10,16,6,11004.0,49469.30754716984,10204134.370000005,2019-04-05,2021-02-20
PRJ-2019-088,54,54,12,15,6,8857.0,8161.2800000000025,4255496.78,2019-02-10,2020-02-12
PRJ-2019-089,46,46,11,13,6,6583.0,26531.51,5606699.52,2019-03-03,2020-01-22
PRJ-2019-090,53,53,10,12,6,10711.0,2402.7156603773583,1439599.8099999998,2019-04-09,2019-12-09
PRJ-2019-091,60,60,12,14,6,9063.0,37647.78183333334,15754129.600000003,2019-05-05,2020-03-05
PRJ-2019-092,51,51,11,13,6,8744.0,18438.87196078431,6237904.739999997,2019-04-21,2020-04-11
PRJ-2019-093,56,56,12,15,6,7315.0,26199.618035714295,4297976.450000001,2019-02-23,2019-12-15
PRJ-2019-094,67,67,12,15,6,10543.0,32760.092238805966,9799886.860000003,2019-05-05,2020-03-08
PRJ-2019-095,57,57,12,12,6,13819.0,7440.8064912280715,4720070.540000001,2019-05-27,2021-01-01
PRJ-2019-096,59,59,11,13,6,12612.0,9431.695762711866,4189676.99,2019-01-25,2019-11-01
PRJ-2019-097,58,58,12,12,6,8556.0,8413.80655172414,3730037.45,2019-02-03,2019-12-19
PRJ-2019-098,55,55,10,14,6,9184.0,7342.6601818181825,2709900.13,2019-03-08,2020-05-13
PRJ-2019-099,65,65,10,15,6,14472.0,17742.298000000006,4475612.710000001,2019-03-14,2019-12-13
PRJ-2019-100,54,54,10,14,6,9831.0,9339.228518518517,2407895.520000001,2019-05-03,2020-01-21
PRJ-2019-101,54,54,10,14,6,10821.0,32481.664259259273,18065577.310000002,2019-03-23,2019-12-01
PRJ-2019-102,52,52,11,11,6,6608.0,79269.1748076923,19290892.289999995,2019-02-17,2020-09-24
PRJ-2019-103,52,52,11,14,6,8774.0,5520.246153846152,2563771.95,2019-03-22,2020-09-12
PRJ-2019-104,49,49,11,13,6,11603.0,19148.307959183672,5909165.35,2019-03-18,2019-11-05
PRJ-2019-105,57,57,12,15,6,10929.0,13217.543333333335,6995682.629999999,2019-02-02,2019-08-14
PRJ-2019-106,56,56,11,14,6,11933.0,82555.81428571427,22027393.68,2019-02-01,2019-11-03
PRJ-2019-107,67,67,11,16,6,11084.0,19163.96089552238,6910196.440000002,2019-05-10,2020-07-17
PRJ-2019-108,52,52,10,13,6,9785.0,9602.151538461538,4560810.719999999,2019-05-07,2020-09-26
PRJ-2019-109,63,63,11,17,6,9579.0,31957.751587301584,6112806.230000001,2019-03-22,2020-03-04
PRJ-2019-110,65,65,12,15,6,9214.0,7112.171846153845,1845981.5799999991,2019-03-07,2019-12-14
PRJ-2019-111,54,54,13,12,6,8398.0,19565.238148148142,5195564.42,2019-01-21,2020-05-30
PRJ-2019-112,59,59,13,13,6,10572.0,12144.67355932204,4797836.35,2019-01-29,2019-11-29
PRJ-2019-113,65,65,11,15,6,12259.0,3906.751692307692,1445118.1799999997,2019-01-30,2020-11-17
PRJ-2019-114,60,60,12,14,6,12199.0,32546.475999999988,9759516.040000001,2019-03-01,2020-05-31
PRJ-2019-115,50,50,10,10,6,10035.0,39890.517,10432746.520000001,2019-03-24,2020-01-05
PRJ-2019-116,59,59,12,16,6,8558.0,49653.817627118646,14022832.330000004,2019-02-12,2019-11-07
PRJ-2019-117,55,55,11,12,6,11040.0,38165.13672727273,10096363.01,2019-03-03,2019-11-20
PRJ-2019-118,50,50,10,14,6,12273.0,3243.3674,1945362.2300000002,2019-03-31,2020-03-11
PRJ-2019-119,57,57,12,13,6,9056.0,31913.58701754385,8688201.12,2019-02-28,2020-05-15
PRJ-2019-120,48,48,11,14,6,9217.0,6403.092916666668,3421526.6900000004,2019-07-23,2020-11-08
PRJ-2019-121,59,59,12,21,6,15289.0,24704.96966101695,21651228.009999994,2019-03-19,2021-02-10
PRJ-2019-122,52,52,10,14,6,10492.0,3312.3580769230775,1458037.48,2019-03-27,2020-01-04
PRJ-2019-123,62,62,14,14,6,12092.0,18019.603064516134,4541916.159999998,2019-03-16,2020-03-19
PRJ-2019-124,57,57,10,14,6,8314.0,7815.935087719301,2857437.3499999996,2019-03-12,2019-12-24
PRJ-2019-125,59,59,11,13,6,10226.0,17128.72949152543,5908967.919999998,2019-01-31,2020-09-06
PRJ-2019-126,67,67,13,17,6,15147.0,34485.89970149253,19168983.06,2019-03-14,2020-07-30
PRJ-2019-127,46,46,10,11,6,5956.0,27530.4497826087,5555655.880000001,2019-03-24,2019-11-20
PRJ-2019-128,57,57,12,13,6,8671.0,6449.1714035087725,1454993.81,2019-04-04,2020-07-19
PRJ-2019-129,53,53,11,16,6,9373.0,23540.332264150944,6735222.98,2019-02-07,2020-03-02
PRJ-2019-130,52,52,10,12,6,6737.0,17645.623461538464,3263757.3700000006,2019-04-23,2020-03-17
PRJ-2019-131,50,50,10,14,6,10198.0,46690.15240000001,17772061.35,2019-03-06,2020-07-16
PRJ-2019-132,51,51,12,12,6,10394.0,8833.69745098039,2243858.46,2019-03-03,2020-06-28
PRJ-2019-133,60,60,11,14,6,7859.0,11251.199833333334,3547191.1499999994,2019-04-21,2019-11-30
PRJ-2019-134,52,52,12,17,6,11529.0,5916.872115384617,2381078.87,2019-03-08,2019-12-26
PRJ-2019-135,58,58,10,14,6,10562.0,10083.077241379313,7574242.469999996,2019-01-31,2019-12-30
PRJ-2019-136,58,58,11,12,6,13482.0,7993.135862068964,3563807.5199999996,2019-01-26,2019-09-23
PRJ-2019-137,58,58,11,12,6,9324.0,41037.28931034482,13104358.68,2019-04-08,2020-04-26
PRJ-2019-138,50,50,10,11,6,8517.0,22399.13179999999,5445355.939999998,2019-03-02,2020-09-27
PRJ-2019-139,58,58,11,12,6,7663.0,7387.9834482758615,3118915.870000001,2019-04-05,2020-01-11
PRJ-2019-140,61,61,12,15,6,11919.0,14346.006721311482,5199041.28,2019-02-20,2020-06-24
PRJ-2019-141,53,53,10,12,6,9343.0,87853.25886792455,16825475.200000003,2019-05-23,2020-07-01
PRJ-2019-142,49,49,11,12,6,8898.0,39770.83510204081,11414634.45,2019-04-05,2019-12-23
PRJ-2019-143,59,59,10,14,6,9558.0,3837.2018644067794,1392629.6800000004,2019-03-04,2020-05-16
PRJ-2019-144,60,60,11,16,6,13268.0,8763.90616666667,3611701.1999999993,2019-03-12,2020-04-28
PRJ-2019-145,54,54,11,13,6,11087.0,6728.215370370368,1927894.8800000001,2019-01-23,2019-11-08
PRJ-2019-146,65,65,10,14,6,8366.0,9476.822461538459,3425845.4900000007,2019-03-03,2019-10-29
PRJ-2019-147,58,58,12,12,6,10239.0,28153.456379310355,8100629.3100000005,2019-04-06,2020-06-07
PRJ-2019-148,57,57,14,15,6,8813.0,9972.732456140353,3411408.559999999,2019-02-13,2020-03-28
PRJ-2019-149,47,47,10,10,6,7544.0,25850.122340425525,8760001.66,2019-03-19,2020-07-23
PRJ-2019-150,63,63,13,17,6,14388.0,34159.514444444445,12448292.03,2019-02-01,2020-06-06
PRJ-2019-151,54,54,11,13,6,9537.0,65296.428888888884,13519865.119999997,2019-02-17,2020-05-21
PRJ-2019-152,54,54,11,17,6,8859.0,2546.83888888889,967652.7100000001,2019-04-16,2020-06-23
PRJ-2019-153,62,62,12,13,6,11476.0,4297.812741935484,2179201.95,2019-03-09,2020-06-21
PRJ-2019-154,57,57,11,16,6,10030.0,12428.610701754387,2997098.2300000004,2019-01-29,2020-10-12
PRJ-2019-155,58,58,11,14,6,9277.0,12583.599827586202,3548102.4700000007,2019-04-02,2020-08-08
PRJ-2019-156,41,41,10,15,6,9302.0,49317.16829268294,14886411.76,2019-02-14,2019-12-17
PRJ-2019-157,48,48,10,11,6,10618.0,19986.768541666668,3072253.8600000003,2019-02-18,2020-02-11
PRJ-2019-158,54,54,10,16,6,12733.0,1529.218703703704,2441666.7800000003,2019-05-21,2020-04-24
PRJ-2019-159,47,47,10,13,6,5340.0,30310.624468085087,7991635.2299999995,2019-03-19,2020-05-29
PRJ-2019-160,52,52,10,11,6,8638.0,4859.789423076923,2839337.920000001,2019-03-20,2020-04-16
PRJ-2020-161,50,50,10,12,6,9600.0,77571.70460000001,26157104.950000003,2020-03-14,2021-10-14
PRJ-2020-162,56,56,10,13,6,9025.0,55078.99946428572,12858056.660000004,2020-03-14,2020-09-13
PRJ-2020-163,48,48,10,14,6,9616.0,10069.073958333332,2929643.0700000003,2020-01-17,2021-09-07
PRJ-2020-164,51,51,10,18,6,7810.0,12203.988627450979,3103772.5699999994,2020-03-02,2021-03-28
PRJ-2020-165,57,57,10,14,6,9924.0,10102.065614035087,3754974.6399999997,2020-03-30,2021-11-11
PRJ-2020-166,59,59,10,14,6,9338.0,61638.76355932206,22024977.979999997,2020-02-28,2021-06-20
PRJ-2020-167,56,56,10,15,6,14768.0,9806.704285714286,4827610.65,2020-01-28,2021-02-22
PRJ-2020-168,52,52,10,12,6,10455.0,9344.058269230767,3353569.3100000005,2020-02-14,2020-07-28
PRJ-2020-169,60,60,10,13,6,11801.0,12648.411166666665,4662776.03,2020-02-19,2020-10-19
PRJ-2020-170,52,52,10,11,6,9196.0,9529.840769230768,2090244.9100000006,2020-03-10,2020-07-09
PRJ-2020-171,48,48,10,13,6,12329.0,6078.890208333334,2137299.43,2020-02-23,2020-07-02
PRJ-2020-172,54,54,10,15,6,12027.0,3663.599259259259,2046771.67,2020-04-20,2021-08-10
PRJ-2020-173,62,62,10,13,6,12349.0,5098.636290322582,1456838.97,2020-04-03,2021-04-03
PRJ-2020-174,50,50,10,15,6,11368.0,10215.0712,3777847.2100000004,2020-04-24,2021-12-04
PRJ-2020-175,57,57,10,14,6,10005.0,22085.504912280696,9864508.230000002,2020-02-13,2021-02-15
PRJ-2020-176,57,57,10,17,6,10073.0,50551.24614035089,12933292.08,2020-04-16,2021-07-03
PRJ-2020-177,58,58,10,13,6,10980.0,13910.659655172416,4892333.0600000005,2020-03-22,2020-12-12
PRJ-2020-178,52,52,10,16,6,7234.0,19471.493076923074,6262291.840000001,2020-02-17,2020-11-17
PRJ-2020-179,57,57,10,17,6,14022.0,27638.9849122807,9165991.19,2020-03-31,2022-02-03
PRJ-2020-180,46,46,10,9,6,7386.0,13909.566739130434,3906046.139999999,2020-02-22,2021-08-27
PRJ-2020-181,53,53,10,13,6,11803.0,35035.75188679245,15847909.969999999,2020-04-08,2021-06-08
PRJ-2020-182,62,62,10,12,6,10228.0,6928.468709677419,3556805.969999999,2020-04-17,2021-06-06
PRJ-2020-183,48,48,10,11,6,9544.0,17551.706041666665,5839290.720000001,2020-03-20,2022-03-09
PRJ-2020-184,51,51,10,13,6,8142.0,11327.169215686275,2542634.77,2020-03-31,2021-11-25
PRJ-2020-185,56,56,10,15,6,9910.0,4613.716785714286,1587146.709999999,2020-04-23,2021-08-14
PRJ-2020-186,60,60,10,16,6,9420.0,41650.54166666668,11802669.190000003,2020-03-13,2021-01-27
PRJ-2020-187,57,57,10,17,6,11697.0,22151.164385964916,4513808.380000001,2020-03-01,2021-05-06
PRJ-2020-188,57,57,10,11,6,10104.0,5605.113157894738,3281030.02,2020-02-17,2021-03-29
PRJ-2020-189,62,62,10,15,6,11237.0,28473.826129032263,11273868.290000003,2020-04-13,2021-11-23
PRJ-2020-190,54,54,10,12,6,10829.0,8082.881481481481,2648271.17,2020-02-03,2020-11-19
PRJ-2020-191,59,59,10,13,6,9892.0,33443.68169491526,18718576.249999993,2020-03-22,2020-11-30
PRJ-2020-192,54,54,10,16,6,9486.0,30791.239999999994,7374579.210000003,2020-02-29,2021-04-14
PRJ-2020-193,63,63,10,13,6,9286.0,25717.662698412707,6035604.590000001,2020-05-11,2022-02-21
PRJ-2020-194,58,58,10,16,6,9616.0,22518.015000000003,8074294.439999999,2020-03-15,2020-10-06
PRJ-2020-195,60,60,10,14,6,12212.0,22840.626333333334,7320217.37,2020-03-30,2021-06-14
PRJ-2020-196,56,56,10,16,6,10848.0,64854.821785714295,15395311.360000003,2020-01-29,2021-07-26
PRJ-2020-197,48,48,10,13,6,7778.0,1272.0329166666668,1013162.3699999999,2020-03-03,2020-11-19
PRJ-2020-198,51,51,10,11,6,7491.0,12346.104901960782,4776302.14,2020-04-06,2021-04-01
PRJ-2020-199,54,54,10,17,6,11279.0,20456.292962962965,7608452.75,2020-03-01,2021-03-13
PRJ-2020-200,52,52,10,15,6,8779.0,5129.3984615384625,1812070.17,2020-02-06,2020-10-15
PRJ-2020-201,62,62,10,19,6,11733.0,19929.446451612905,18154097.01,2020-01-28,2021-04-06
PRJ-2020-202,61,61,10,12,6,15039.0,19603.665409836074,11383361.310000004,2020-03-03,2021-12-27
PRJ-2020-203,48,48,10,9,6,9418.0,7578.636458333332,1948588.7399999998,2020-02-28,2022-01-19
PRJ-2020-204,46,46,10,15,6,8114.0,33928.952391304345,9520741.06,2020-03-11,2021-01-27
PRJ-2020-205,53,53,10,11,6,7881.0,4204.076226415095,3095056.8999999994,2020-03-15,2021-11-06
PRJ-2020-206,61,61,10,16,6,14140.0,21239.4657377049,8213983.930000003,2020-04-03,2021-05-07
PRJ-2020-207,59,59,10,15,6,13998.0,4157.204576271189,1721081.43,2020-03-30,2020-12-08
PRJ-2020-208,58,58,10,17,6,11112.0,13510.464137931038,5726314.51,2020-02-08,2021-06-26
PRJ-2020-209,50,50,10,16,6,6396.0,17441.260999999995,5840430.69,2020-02-15,2021-07-08
PRJ-2020-210,56,56,10,16,6,13035.0,20395.79910714285,6665836.320000002,2020-03-11,2020-11-17
PRJ-2020-211,53,53,10,15,6,8968.0,47761.193962264144,16369525.060000004,2020-01-22,2021-02-18
PRJ-2020-212,46,46,10,11,6,10467.0,31144.644347826088,12755682.73,2020-02-17,2021-10-11
PRJ-2020-213,59,59,10,15,6,11103.0,2795.3913559322023,1351083.7899999996,2020-01-31,2020-11-04
PRJ-2020-214,60,60,10,15,6,9797.0,14467.059166666666,5190177.820000002,2020-02-11,2020-10-29
PRJ-2020-215,67,67,10,13,6,13050.0,31410.933731343277,11059990.099999998,2020-03-31,2021-08-21
PRJ-2020-216,51,51,10,14,6,8493.0,93358.64823529415,21863761.989999995,2020-04-07,2021-05-29
PRJ-2020-217,57,57,10,18,6,9287.0,5864.502456140353,1779814.43,2020-02-18,2020-12-17
PRJ-2020-218,54,54,10,16,6,6871.0,8747.715370370375,4572991.6899999995,2020-03-29,2021-08-10
PRJ-2020-219,61,61,10,15,6,9150.0,14844.701803278687,12300153.96,2020-03-12,2021-07-03
PRJ-2020-220,56,56,10,15,6,9691.0,34100.76321428571,7896880.180000001,2020-02-09,2021-07-26
PRJ-2020-221,56,56,10,15,6,7545.0,28410.51107142857,5352956.010000001,2020-04-13,2021-06-20
PRJ-2020-222,45,45,10,12,6,7905.0,15906.248888888891,4112716.96,2020-04-24,2021-09-26
PRJ-2020-223,59,59,10,15,6,10938.0,10772.761864406777,3199795.180000001,2020-02-09,2021-01-10
PRJ-2020-224,57,57,10,15,6,9148.0,21234.618947368417,7794077.070000001,2020-03-29,2021-04-09
PRJ-2020-225,59,59,10,15,6,12692.0,10098.46271186441,2145317.7199999993,2020-02-25,2021-05-18
PRJ-2020-226,51,51,10,13,6,7404.0,99119.10529411766,23131151.95,2020-03-29,2021-07-21
PRJ-2020-227,53,53,10,19,6,7584.0,38504.26603773584,12379713.23,2020-04-09,2021-04-12
PRJ-2020-228,61,61,10,15,6,12288.0,5892.727377049181,3757464.2400000016,2020-02-11,2021-03-24
PRJ-2020-229,58,58,10,11,6,10523.0,5522.890862068965,2920387.5200000014,2020-02-12,2020-12-13
PRJ-2020-230,63,63,10,12,6,9800.0,7433.149682539682,3004351.42,2020-03-19,2020-11-15
PRJ-2020-231,54,54,10,14,6,8501.0,10439.687777777777,4862181.070000001,2020-01-28,2021-04-22
PRJ-2020-232,63,63,10,18,6,13797.0,12771.96158730159,2931561.36,2020-05-22,2021-07-08
PRJ-2020-233,64,64,10,16,6,10054.0,5126.549062500002,1830880.86,2020-02-20,2021-03-01
PRJ-2020-234,57,57,10,17,6,10090.0,10530.085614035088,8206695.419999999,2020-02-07,2020-11-26
PRJ-2020-235,63,63,10,18,6,12476.0,25659.17619047619,7763926.939999999,2020-02-22,2021-09-08
PRJ-2020-236,64,64,10,14,6,13431.0,19587.074375,5209713.84,2020-01-25,2020-09-24
PRJ-2020-237,55,55,10,15,6,8209.0,62563.766909090904,13568973.89,2020-05-01,2021-06-15
PRJ-2020-238,55,55,10,9,6,9936.0,10342.812727272734,4009757.58,2020-01-31,2020-12-30
PRJ-2020-239,50,50,10,14,6,5281.0,54694.9264,10529452.64,2020-03-15,2021-02-19
PRJ-2020-240,52,52,10,15,6,8047.0,9132.870384615386,3737638.19,2020-03-29,2021-07-02
PRJ-2021-241,66,66,10,16,6,10634.0,28666.164848484852,9341482.069999998,2021-02-17,2022-06-22
PRJ-2021-242,58,58,10,14,6,7548.0,24601.800517241383,5884337.86,2021-03-02,2022-04-05
PRJ-2021-243,54,54,10,13,6,8829.0,4670.896666666667,1616426.0600000003,2021-02-26,2022-06-14
PRJ-2021-244,61,61,10,13,6,11656.0,13552.912459016392,5682267.110000002,2021-03-22,2022-05-26
PRJ-2021-245,58,58,10,10,6,10158.0,23509.8798275862,4494076.67,2021-02-05,2021-11-07
PRJ-2021-246,45,45,10,10,6,8394.0,20139.258888888893,4182969.83,2021-04-13,2022-11-18
PRJ-2021-247,54,54,10,16,6,10814.0,14393.545925925928,7098307.19,2021-03-10,2021-12-11
PRJ-2021-248,67,67,10,14,6,13645.0,12555.869552238804,4782079.459999999,2021-01-29,2021-12-09
PRJ-2021-249,52,52,10,12,6,10947.0,23105.129807692312,9310578.730000002,2021-04-06,2022-06-29
PRJ-2021-250,46,46,10,11,6,6321.0,22517.151304347826,5781015.740000001,2021-05-21,2022-05-03
PRJ-2021-251,42,42,10,9,6,7844.0,79587.75095238097,15987069.039999995,2021-01-25,2022-06-20
PRJ-2021-252,56,56,10,14,6,9357.0,22305.196249999997,7273198.310000001,2021-04-01,2022-01-26
PRJ-2021-253,44,44,10,14,6,5534.0,14665.037954545453,6093403.569999999,2021-04-25,2022-11-17
PRJ-2021-254,58,58,10,14,6,10766.0,6971.805172413791,2970412.47,2021-02-26,2022-03-18
PRJ-2021-255,55,55,10,14,6,8461.0,11713.301454545453,4513754.34,2021-03-26,2021-12-01
PRJ-2021-256,54,54,10,14,6,9408.0,43000.23166666666,11286508.239999996,2021-04-13,2022-04-17
PRJ-2021-257,54,54,10,13,6,10999.0,29071.039814814816,9714537.159999998,2021-04-26,2022-12-23
PRJ-2021-258,56,56,10,13,6,8278.0,9664.955000000004,2785635.31,2021-02-26,2021-12-19
PRJ-2021-259,50,50,10,12,6,6860.0,11939.692799999997,4895386.789999999,2021-04-20,2022-06-27
PRJ-2021-260,51,51,10,12,6,5486.0,5233.652352941173,1171922.17,2021-04-28,2023-02-12
PRJ-2021-261,65,65,10,13,6,8301.0,31908.247538461546,10782519.879999999,2021-03-15,2021-11-18
PRJ-2021-262,60,60,10,15,6,9997.0,25704.655166666664,11152880.479999999,2021-01-28,2022-01-09
PRJ-2021-263,48,48,10,14,6,11033.0,16558.906250000004,4292165.649999999,2021-01-28,2021-10-26
PRJ-2021-264,57,57,10,16,6,10959.0,15130.027192982458,9042066.219999999,2021-04-06,2023-03-16
PRJ-2021-265,48,48,10,14,6,5307.0,10992.689375000004,2362306.9699999993,2021-02-23,2022-03-23
PRJ-2021-266,54,54,10,11,6,9931.0,29338.195370370373,6483729.34,2021-04-06,2022-04-04
PRJ-2021-267,62,62,10,18,6,11151.0,26372.435322580655,4710448.989999999,2021-02-14,2022-09-27
PRJ-2021-268,55,55,10,14,6,8369.0,3338.463272727273,1150377.0300000007,2021-05-07,2022-01-08
PRJ-2021-269,58,58,10,13,6,11361.0,7461.500862068966,2629142.6,2021-04-30,2022-11-02
PRJ-2021-270,53,53,10,16,6,8584.0,13606.550000000003,4460764.18,2021-03-23,2022-06-08
PRJ-2021-271,51,51,10,14,6,10994.0,28634.91725490197,16123137.899999999,2021-03-24,2022-06-15
PRJ-2021-272,66,66,10,19,6,9881.0,4893.009545454544,1425695.4200000002,2021-04-12,2021-10-27
PRJ-2021-273,59,59,10,13,6,13206.0,5757.642203389831,1406731.1799999995,2021-02-18,2021-10-15
PRJ-2021-274,54,54,10,13,6,6201.0,14826.141111111108,5947505.669999999,2021-04-27,2022-06-11
PRJ-2021-275,53,53,10,14,6,8042.0,22340.912264150946,7550084.879999999,2021-04-13,2021-10-30
PRJ-2021-276,49,49,10,14,6,7404.0,38866.16591836735,17088630.409999996,2021-04-25,2022-06-25
PRJ-2021-277,52,52,10,16,6,11631.0,11129.991346153849,5152762.1,2021-02-21,2021-09-09
PRJ-2021-278,49,49,10,15,6,8989.0,14079.305102040815,3089566.8599999994,2021-02-25,2022-02-03
PRJ-2021-279,55,55,10,15,6,10207.0,12871.924545454547,2554435.35,2021-03-12,2022-04-05
PRJ-2021-280,58,58,10,16,6,11521.0,16321.068103448277,6999570.029999999,2021-02-04,2022-10-12
PRJ-2021-281,49,49,10,12,6,11064.0,61054.616326530624,19808771.479999986,2021-04-12,2021-12-23
PRJ-2021-282,57,57,10,13,6,9721.0,23793.2101754386,8923954.49,2021-03-24,2022-08-25
PRJ-2021-283,55,55,10,16,6,10243.0,3719.4610909090916,1240507.0600000005,2021-03-25,2022-05-01
PRJ-2021-284,56,56,10,15,6,11457.0,7045.520892857144,2876719.49,2021-03-15,2022-03-24
PRJ-2021-285,62,62,10,19,6,11350.0,5157.846935483872,2684070.7300000004,2021-04-05,2022-05-09
PRJ-2021-286,49,49,10,10,6,8472.0,49153.674285714296,14080891.040000005,2021-02-08,2022-05-06
PRJ-2021-287,54,54,10,14,6,11671.0,13145.532962962965,3950247.980000001,2021-03-19,2021-11-18
PRJ-2021-288,51,51,10,13,6,10642.0,4000.057647058823,4702689.230000001,2021-02-11,2022-06-18
PRJ-2021-289,54,54,10,17,6,12181.0,28442.758333333335,7388345.510000003,2021-05-25,2023-02-08
PRJ-2021-290,53,53,10,13,6,6760.0,21596.8824528302,7053275.089999998,2021-02-12,2022-01-15
PRJ-2021-291,64,64,10,14,6,9715.0,36756.17093750001,10387673.170000002,2021-03-10,2022-04-19
PRJ-2021-292,55,55,10,18,6,12570.0,15534.169090909094,6024773.350000001,2021-03-02,2022-10-31
PRJ-2021-293,49,49,10,14,6,9785.0,10413.581224489795,3862565.8699999996,2021-03-19,2022-06-20
PRJ-2021-294,60,60,10,12,6,7621.0,10195.794666666667,3731611.55,2021-03-30,2023-02-12
PRJ-2021-295,52,52,10,11,6,10919.0,7685.135384615383,3466935.1,2021-03-20,2022-10-26
PRJ-2021-296,49,49,10,15,6,7490.0,28852.185714285715,18562646.49,2021-03-06,2022-07-14
PRJ-2021-297,62,62,10,16,6,13066.0,28241.620645161296,13640987.669999998,2021-03-22,2021-12-15
PRJ-2021-298,60,60,10,13,6,8560.0,13039.91183333333,4690931.44,2021-02-16,2022-05-01
PRJ-2021-299,61,61,10,10,6,12131.0,8830.401311475407,3544362.96,2021-02-07,2022-04-08
PRJ-2021-300,57,57,10,15,6,10094.0,16123.757719298243,5184877.639999999,2021-04-07,2021-11-01
PRJ-2021-301,47,47,10,11,6,7015.0,30848.652553191478,4531491.000000001,2021-02-15,2022-03-15
PRJ-2021-302,60,60,10,14,6,10359.0,18902.233999999997,4738844.560000001,2021-02-18,2021-11-19
PRJ-2021-303,62,62,10,14,6,11846.0,8348.208870967745,4010053.4699999993,2021-02-20,2022-11-03
PRJ-2021-304,58,58,10,10,6,10177.0,5907.953965517239,2103463.4399999995,2021-04-04,2022-02-25
PRJ-2021-305,65,65,10,13,6,10039.0,10131.523846153848,3288110.629999999,2021-03-25,2022-08-21
PRJ-2021-306,53,53,10,13,6,8937.0,66757.12018867926,16221304.599999998,2021-03-16,2022-06-29
PRJ-2021-307,54,54,10,14,6,14669.0,52595.96166666666,13818518.49,2021-05-19,2022-06-28
PRJ-2021-308,50,50,10,15,6,9049.0,23977.330799999996,5043033.640000001,2021-01-29,2022-10-29
PRJ-2021-309,50,50,10,15,6,8132.0,44618.13019999999,9966718.74,2021-03-15,2023-01-20
PRJ-2021-310,49,49,10,14,6,12254.0,17135.711428571434,9790589.819999998,2021-02-23,2021-11-24
PRJ-2021-311,53,53,10,11,6,12543.0,41537.57792452829,11845208.86,2021-03-02,2022-01-19
PRJ-2021-312,66,66,10,14,6,8284.0,8191.115000000002,5123887.6,2021-01-17,2022-03-27
PRJ-2021-313,58,58,10,15,6,8439.0,9291.29706896552,2495903.7299999995,2021-03-07,2021-11-11
PRJ-2021-314,67,67,10,18,6,10184.0,12643.820149253732,2703881.34,2021-03-16,2022-01-08
PRJ-2021-315,55,55,10,14,6,11499.0,4393.079818181817,2268492.1999999997,2021-05-28,2023-01-18
PRJ-2021-316,59,59,10,16,6,10623.0,30193.410338983052,12912262.330000004,2021-04-17,2022-07-28
PRJ-2021-317,54,54,10,12,6,11662.0,2904.692222222223,1543895.1600000001,2021-02-06,2021-07-18
PRJ-2021-318,55,55,10,13,6,8398.0,4574.68890909091,1025452.9900000001,2021-04-29,2022-05-25
PRJ-2021-319,62,62,10,17,6,10355.0,6756.957419354838,3391188.5199999996,2021-01-28,2022-02-17
PRJ-2021-320,51,51,10,14,6,9728.0,20048.543921568624,9638282.33,2021-02-08,2023-02-06
PRJ-2022-321,52,52,10,5,6,7658.0,35223.91615384616,11363290.48,2022-03-13,2023-02-12
PRJ-2022-322,66,66,10,5,6,9514.0,6444.799242424241,1978561.9299999992,2022-03-29,2023-12-17
PRJ-2022-323,57,57,10,5,6,11816.0,7621.974210526317,2810765.4699999997,2022-02-25,2022-09-15
PRJ-2022-324,66,66,10,5,6,12839.0,3982.3284848484836,2406024.639999999,2022-01-31,2023-03-01
PRJ-2022-325,53,53,10,5,6,6539.0,7011.888490566036,1958106.8300000005,2022-04-09,2023-10-04
PRJ-2022-326,59,59,10,5,6,10914.0,5300.225084745763,1942745.1799999997,2022-03-15,2023-06-04
PRJ-2022-327,51,51,10,5,6,8739.0,36145.99784313725,12348558.650000002,2022-03-15,2024-01-14
PRJ-2022-328,51,51,10,5,6,5633.0,19810.465098039214,6775763.980000001,2022-02-21,2023-03-01
PRJ-2022-329,46,46,10,5,6,6955.0,46257.40999999999,10070121.169999996,2022-03-29,2023-08-06
PRJ-2022-330,51,51,10,5,6,11737.0,5979.0662745098025,1623237.2499999998,2022-02-22,2022-07-27
PRJ-2022-331,54,54,10,5,6,8038.0,87246.40555555558,17037657.29,2022-02-13,2023-01-30
PRJ-2022-332,58,58,10,5,6,11447.0,12778.119310344817,4678206.069999999,2022-01-24,2023-06-11
PRJ-2022-333,47,47,10,5,6,8095.0,16216.468723404256,5635986.74,2022-03-02,2023-07-13
PRJ-2022-334,48,48,10,5,6,8653.0,16786.720208333336,7217671.32,2022-02-26,2023-07-25
PRJ-2022-335,51,51,10,5,6,9739.0,11383.93078431373,5639602.920000001,2022-04-15,2023-05-30
PRJ-2022-336,56,56,10,5,6,9367.0,14273.111428571425,8454372.969999999,2022-04-29,2023-02-23
PRJ-2022-337,50,50,10,5,6,9475.0,30862.8488,10508846.569999997,2022-03-17,2023-03-04
PRJ-2022-338,46,46,10,5,6,9691.0,4940.291304347827,2859434.9299999997,2022-04-14,2023-06-10
PRJ-2022-339,39,39,10,5,6,5406.0,48154.08794871794,8309729.96,2022-03-19,2024-01-29
PRJ-2022-340,55,55,10,5,6,10391.0,33840.56981818181,9399523.069999998,2022-02-03,2022-11-13
PRJ-2022-341,63,63,10,5,6,10159.0,22480.320000000007,10972156.71,2022-03-26,2023-01-16
PRJ-2022-342,58,58,10,5,6,6529.0,34798.2925862069,10709443.569999998,2022-01-25,2022-09-23
PRJ-2022-343,55,55,10,5,6,12726.0,11236.842909090905,1906652.75,2022-04-11,2023-06-23
PRJ-2022-344,57,57,10,5,6,12436.0,12433.157719298246,6338594.79,2022-02-17,2022-12-08
PRJ-2022-345,62,62,10,5,6,10357.0,23324.26161290322,8746013.130000003,2022-05-07,2023-05-11
PRJ-2022-346,60,60,10,5,6,9430.0,17887.6125,9354673.98,2022-03-31,2024-03-10
PRJ-2022-347,61,61,10,5,6,6833.0,36145.43852459017,11912466.319999995,2022-03-18,2023-04-20
PRJ-2022-348,51,51,10,5,6,8516.0,2978.43705882353,1405894.3699999994,2022-02-13,2022-12-27
PRJ-2022-349,65,65,10,5,6,15350.0,33642.803230769234,10011832.760000004,2022-04-14,2023-07-23
PRJ-2022-350,53,53,10,5,6,10601.0,9550.252830188681,3310626.440000001,2022-02-16,2023-08-28
PRJ-2022-351,53,53,10,5,6,7772.0,25076.162452830176,10929766.94,2022-02-09,2022-11-04
PRJ-2022-352,57,57,10,5,6,14384.0,20580.792280701757,7473908.819999998,2022-03-24,2023-10-15
PRJ-2022-353,56,56,10,5,6,13893.0,13408.247499999996,2830650.8200000003,2022-02-16,2023-03-12
PRJ-2022-354,51,51,10,5,6,6340.0,15315.120980392154,4997567.650000002,2022-02-24,2022-11-04
PRJ-2022-355,50,50,10,5,6,9551.0,26643.3514,7883057.410000001,2022-04-27,2023-12-27
PRJ-2022-356,54,54,10,5,6,10681.0,54557.03222222224,12850523.65,2022-06-09,2023-09-16
PRJ-2022-357,57,57,10,5,6,10884.0,36136.72350877193,5664929.819999998,2022-03-22,2022-12-17
PRJ-2022-358,53,53,10,5,6,6786.0,12915.914339622641,2771980.2100000014,2022-03-02,2023-04-23
PRJ-2022-359,50,50,10,5,6,12943.0,5209.723200000001,3395724.7800000007,2022-02-25,2022-08-02
PRJ-2022-360,62,62,10,5,6,10085.0,12386.674354838713,3466794.000000001,2022-04-20,2023-08-22
PRJ-2022-361,63,63,10,5,6,16655.0,9936.074285714285,5319029.279999999,2022-03-13,2023-04-21
PRJ-2022-362,50,50,10,5,6,12765.0,25967.898200000003,10436980.969999999,2022-04-12,2023-03-28
PRJ-2022-363,63,63,10,5,6,12289.0,8580.529523809524,2571354.26,2022-03-21,2022-12-23
PRJ-2022-364,51,51,10,5,6,7362.0,20435.505686274508,7886902.090000001,2022-04-01,2023-03-21
PRJ-2022-365,45,45,10,5,6,9119.0,35997.87822222221,9085541.42,2022-01-29,2022-12-16
PRJ-2022-366,56,56,10,5,6,11063.0,8193.45982142857,3625453.43,2022-04-23,2024-02-25
PRJ-2022-367,57,57,10,5,6,8045.0,8018.526666666667,2725003.0499999993,2022-04-10,2023-07-23
PRJ-2022-368,59,59,10,5,6,8715.0,17890.292881355934,5452298.190000002,2022-04-20,2023-07-09
PRJ-2022-369,53,53,10,5,6,9611.0,31387.371698113202,7514846.810000001,2022-02-03,2023-01-26
PRJ-2022-370,52,52,10,5,6,10683.0,4214.678269230769,1324926.1499999992,2022-04-10,2022-12-11
PRJ-2022-371,57,57,10,5,6,9049.0,44265.97210526312,18856012.870000005,2022-05-02,2022-12-27
PRJ-2022-372,60,60,10,5,6,10888.0,12915.241166666665,3187487.0200000005,2022-03-09,2023-07-16
PRJ-2022-373,44,44,10,5,6,6925.0,19547.489772727273,2931511.3199999994,2022-02-22,2022-11-02
PRJ-2022-374,59,59,10,5,6,11295.0,7209.667457627121,2237355.3800000004,2022-04-16,2023-05-11
PRJ-2022-375,56,56,10,5,6,13420.0,7467.854107142858,4872325.489999999,2022-04-04,2023-11-10
PRJ-2022-376,70,70,10,5,6,9539.0,47993.68085714285,15210599.610000003,2022-02-18,2023-10-20
PRJ-2022-377,52,52,10,5,6,9800.0,12230.535192307694,3916861.5199999996,2022-03-07,2022-12-11
PRJ-2022-378,47,47,10,5,6,5827.0,15600.783829787231,4003041.069999999,2022-03-23,2022-07-28
PRJ-2022-379,54,54,10,5,6,7508.0,18412.977962962963,4968529.909999998,2022-03-05,2023-03-28
PRJ-2022-380,61,61,10,5,6,13442.0,19528.270655737702,7507154.160000002,2022-03-30,2023-07-13
PRJ-2023-381,52,52,10,5,6,10787.0,51200.38730769229,16963564.63,2023-02-21,2024-03-06
PRJ-2023-382,65,65,10,5,6,11551.0,16687.96169230769,4439140.33,2023-04-16,2024-05-25
PRJ-2023-383,58,58,10,5,6,9139.0,4092.1653448275865,1365564.2700000007,2023-02-15,2024-06-19
PRJ-2023-384,58,58,10,5,6,12726.0,22047.982068965528,6910146.479999999,2023-03-04,2024-02-12
PRJ-2023-385,58,58,10,5,6,12089.0,22037.329137931043,4918183.72,2023-03-14,2024-07-09
PRJ-2023-386,54,54,10,5,6,8802.0,20593.188703703712,6219878.680000001,2023-03-10,2024-01-10
PRJ-2023-387,53,53,10,5,6,9211.0,9516.100943396226,2885646.640000001,2023-03-17,2024-03-12
PRJ-2023-388,52,52,10,5,6,9779.0,24341.65634615384,5420678.840000001,2023-03-24,2024-10-05
PRJ-2023-389,50,50,10,5,6,11019.0,21246.793599999997,6846691.630000001,2023-04-04,2023-08-27
PRJ-2023-390,56,56,10,5,6,8136.0,18580.27035714285,4140333.099999999,2023-02-17,2024-07-08
PRJ-2023-391,53,53,10,5,6,11361.0,20018.703584905656,4197866.900000001,2023-04-28,2024-04-26
PRJ-2023-392,49,49,10,5,6,5831.0,12560.801020408166,3893722.9,2023-02-24,2023-09-06
PRJ-2023-393,60,60,10,5,6,9694.0,4745.1505,2096879.4899999993,2023-02-09,2024-03-19
PRJ-2023-394,51,51,10,5,6,9967.0,24078.149803921562,4907069.1099999985,2023-03-16,2023-11-11
PRJ-2023-395,52,52,10,5,6,6766.0,8656.983653846155,1647743.49,2023-03-12,2023-07-22
PRJ-2023-396,55,55,10,5,6,6493.0,44850.63327272728,9384689.319999997,2023-04-16,2024-01-17
PRJ-2023-397,58,58,10,5,6,13107.0,22599.36,10267673.93,2023-04-06,2024-07-12
PRJ-2023-398,55,55,10,5,6,10897.0,12631.978545454549,3014917.4099999997,2023-03-07,2024-05-13
PRJ-2023-399,66,66,10,5,6,11769.0,10783.985606060607,3629731.1799999997,2023-03-26,2024-10-22
PRJ-2023-400,59,59,10,5,6,11109.0,12069.84830508475,4271961.79,2023-04-03,2024-01-03
PRJ-2024-001,55,55,10,5,6,10317.0,65844.6090909091,14739744.019999994,2024-04-13,2025-07-05
PRJ-2024-002,51,51,10,5,6,14345.0,11517.778039215686,13581977.989999998,2024-03-06,2025-11-01
PRJ-2024-003,45,45,10,5,6,7978.0,9470.748222222222,2268510.1100000003,2024-04-03,2025-02-27
PRJ-2024-004,63,63,10,5,6,11023.0,19217.82936507936,7219525.3500000015,2024-03-04,2024-11-11
PRJ-2024-005,55,55,10,5,6,9796.0,13626.30509090909,5911530.97,2024-04-16,2025-06-26
