project_id,total_labor_cost,total_material_cost,total_cost,total_billed,billing_gap,margin_pct,total_change_orders,approved_cos,pending_cos,rejected_cos,total_co_value,approved_value,rejected_value,total_schedule_impact,total_labor_impact,rejected_value_ratio,rejected_count_ratio,total_rfis,rfis_linked_to_cos,rfi_level,rfi_to_co_ratio
PRJ-2021-260,3818653.3700000034,1171922.17,4990575.540000003,2593200.0,-2397375.540000003,-0.48038057349994573,12,9,0,3,230900.0,214600.0,16300.0,35.0,758.0,0.07059333044608056,0.25,96,6,HIGH,0.0625
PRJ-2019-113,3936787.960000002,1445118.1800000002,5381906.140000002,3298500.0,-2083406.1400000025,-0.38711305730798223,13,12,0,1,553200.0,543500.0,9700.0,37.0,1364.0,0.017534345625451916,0.07692307692307693,99,4,HIGH,0.04040404040404041
PRJ-2022-322,3955480.170000002,1978561.93,5934042.1000000015,4346700.0,-1587342.1000000015,-0.2674976134732851,17,16,0,1,523800.0,547500.0,-23700.0,61.0,1078.0,-0.04524627720504009,0.058823529411764705,54,11,HIGH,0.2037037037037037
PRJ-2020-203,4167158.170000003,1948588.7399999998,6115746.910000003,4541500.0,-1574246.910000003,-0.2574087733136756,17,14,0,3,1055200.0,926000.0,129200.0,93.0,1501.0,0.1224412433661865,0.17647058823529413,78,10,HIGH,0.1282051282051282
PRJ-2021-315,4299798.540000005,2268492.1999999997,6568290.740000004,5430000.0,-1138290.740000004,-0.1733009065917206,13,12,0,1,1059600.0,888300.0,171300.0,30.0,1240.0,0.1616647791619479,0.07692307692307693,86,8,HIGH,0.09302325581395349
PRJ-2018-052,2388616.230000002,1453312.5599999998,3841928.790000002,3076200.0,-765728.7900000019,-0.19930842861874115,12,9,0,3,414200.0,246700.0,167500.0,52.0,1286.0,0.40439401255432156,0.25,72,6,HIGH,0.08333333333333333
PRJ-2022-325,3134152.270000002,1958106.8300000003,5092259.100000002,4368700.0,-723559.1000000024,-0.14209000087996349,16,11,0,5,964900.0,670700.0,294200.0,23.0,1202.0,0.304902062389885,0.3125,82,7,HIGH,0.08536585365853659
PRJ-2020-184,3956378.5500000026,2542634.7700000005,6499013.320000003,5786200.0,-712813.3200000031,-0.10968023681477895,13,12,0,1,1058000.0,958500.0,99500.0,49.0,1092.0,0.0940453686200378,0.07692307692307693,78,10,HIGH,0.1282051282051282
PRJ-2021-243,2860111.8700000024,1616426.06,4476537.9300000025,3804800.0,-671737.9300000025,-0.15005746416181984,20,12,0,8,1053200.0,572300.0,480900.0,36.0,1661.0,0.4566084314470186,0.4,89,10,HIGH,0.11235955056179775
PRJ-2019-152,1821254.7700000012,967652.7099999998,2788907.480000001,2229100.0,-559807.4800000009,-0.20072644360364394,11,8,0,3,324000.0,200000.0,124000.0,21.0,975.0,0.38271604938271603,0.2727272727272727,43,6,MEDIUM,0.13953488372093023
PRJ-2021-318,1889886.7900000017,1025452.9899999999,2915339.7800000017,2358100.0,-557239.7800000017,-0.19114059493950353,11,8,0,3,294800.0,200700.0,94100.0,14.0,856.0,0.31919945725915877,0.2727272727272727,37,8,MEDIUM,0.21621621621621623
PRJ-2019-128,2227059.3300000024,1454993.81,3682053.1400000025,3218200.0,-463853.14000000246,-0.1259767641484941,7,6,0,1,190300.0,133700.0,56600.0,7.0,335.0,0.2974251182343668,0.14285714285714285,37,2,MEDIUM,0.05405405405405406
PRJ-2019-154,3843168.9600000037,2997098.23,6840267.190000003,6415400.0,-424867.1900000032,-0.062112659958828746,11,9,0,2,886000.0,575500.0,310500.0,49.0,1129.0,0.35045146726862303,0.18181818181818182,51,8,HIGH,0.1568627450980392
PRJ-2023-383,2163944.280000002,1365564.27,3529508.550000002,3199000.0,-330508.55000000214,-0.09364152128204986,8,7,0,1,161300.0,182300.0,-21000.0,2.0,213.0,-0.13019218846869188,0.125,32,6,MEDIUM,0.1875
PRJ-2018-055,3387795.710000003,2391621.75,5779417.460000003,5449200.0,-330217.46000000276,-0.05713680700269099,14,10,0,4,1042300.0,867600.0,174700.0,32.0,1120.0,0.16761009306341745,0.2857142857142857,60,8,HIGH,0.13333333333333333
PRJ-2021-269,3508846.7500000023,2629142.5999999996,6137989.3500000015,5930600.0,-207389.3500000015,-0.03378783151521784,13,11,0,2,1134700.0,1011600.0,123100.0,37.0,713.0,0.10848682471137745,0.15384615384615385,95,6,HIGH,0.06315789473684211
PRJ-2021-283,1929809.3600000017,1240507.06,3170316.420000002,2989800.0,-180516.4200000018,-0.05693955936423585,10,10,0,0,287300.0,287300.0,0.0,14.0,688.0,0.0,0.0,45,6,MEDIUM,0.13333333333333333
PRJ-2019-153,2888750.780000003,2179201.95,5067952.730000003,4912400.0,-155552.73000000324,-0.030693405855820432,20,16,0,4,1430800.0,1328800.0,102000.0,77.0,1902.0,0.0712887894883981,0.2,89,10,HIGH,0.11235955056179775
PRJ-2019-143,1822418.3800000022,1392629.6800000002,3215048.0600000024,3091200.0,-123848.06000000238,-0.03852137127928417,9,8,0,1,307600.0,246100.0,61500.0,26.0,889.0,0.19993498049414823,0.1111111111111111,47,4,MEDIUM,0.0851063829787234
PRJ-2019-103,3314560.3200000045,2563771.9500000007,5878332.270000005,5777700.0,-100632.27000000514,-0.01711918710576819,17,16,0,1,828400.0,778100.0,50300.0,16.0,1001.0,0.06071945919845485,0.058823529411764705,83,8,HIGH,0.0963855421686747
PRJ-2018-050,2095251.5700000017,1529546.66,3624798.2300000014,3590700.0,-34098.23000000138,-0.00940693187217799,8,4,0,4,411400.0,334700.0,76700.0,27.0,698.0,0.18643655809431212,0.5,31,5,MEDIUM,0.16129032258064516
PRJ-2018-026,2971507.9500000034,2439333.6900000004,5410841.640000004,5453500.0,42658.35999999568,0.00788386776738039,11,10,0,1,787200.0,700500.0,86700.0,59.0,828.0,0.11013719512195122,0.09090909090909091,57,3,HIGH,0.05263157894736842
PRJ-2020-225,2740009.9100000034,2145317.72,4885327.630000004,4981700.0,96372.36999999639,0.019726900076913842,10,9,0,1,694900.0,574700.0,120200.0,16.0,643.0,0.1729745287091668,0.1,83,6,HIGH,0.07228915662650602
PRJ-2020-185,2055759.330000002,1587146.7099999997,3642906.040000002,3767700.0,124793.9599999981,0.03425670567116742,7,4,0,3,325200.0,188300.0,136900.0,40.0,522.0,0.4209717097170972,0.42857142857142855,49,3,MEDIUM,0.061224489795918366
PRJ-2018-048,3011920.9500000025,2870879.39,5882800.340000003,6036200.0,153399.65999999736,0.026075958919931197,12,9,0,3,805600.0,545200.0,260400.0,4.0,792.0,0.32323733862959286,0.25,87,4,HIGH,0.04597701149425287
PRJ-2018-008,3400211.1900000023,2608971.52,6009182.710000003,6167600.0,158417.28999999724,0.026362535080914053,12,12,0,0,1265300.0,1265300.0,0.0,12.0,1269.0,0.0,0.0,81,8,HIGH,0.09876543209876543
PRJ-2020-205,3862304.2500000005,3095056.8999999994,6957361.15,7214000.0,256638.84999999963,0.036887383659823324,13,10,0,3,766000.0,565000.0,201000.0,47.0,234.0,0.26240208877284593,0.23076923076923078,84,10,HIGH,0.11904761904761904
PRJ-2018-053,1739977.110000002,1438476.6500000001,3178453.760000002,3464000.0,285546.2399999979,0.08983809788064927,11,9,0,2,280900.0,303500.0,-22600.0,7.0,604.0,-0.08045567817728728,0.18181818181818182,44,8,MEDIUM,0.18181818181818182
PRJ-2020-173,1611488.1100000015,1456838.9700000002,3068327.080000002,3359200.0,290872.91999999806,0.09479853757963701,12,9,0,3,587200.0,366100.0,221100.0,20.0,770.0,0.3765326975476839,0.25,35,8,MEDIUM,0.22857142857142856
PRJ-2018-045,1944594.380000002,1907194.2100000002,3851788.590000002,4172700.0,320911.4099999978,0.08331490747782647,8,5,0,3,496500.0,367600.0,128900.0,9.0,807.0,0.2596173212487412,0.375,36,4,MEDIUM,0.1111111111111111
PRJ-2022-348,1428580.6000000008,1405894.3699999999,2834474.9700000007,3170500.0,336025.02999999933,0.11854930227166524,6,4,0,2,189600.0,182900.0,6700.0,23.0,308.0,0.03533755274261603,0.3333333333333333,59,3,HIGH,0.05084745762711865
PRJ-2020-197,1185972.4800000004,1013162.3700000001,2199134.8500000006,2619700.0,420565.14999999944,0.19124118286788977,8,6,0,2,204700.0,234600.0,-29900.0,40.0,377.0,-0.14606741573033707,0.25,50,5,MEDIUM,0.1
PRJ-2020-213,1325100.3000000007,1351083.7899999998,2676184.090000001,3140400.0,464215.9099999992,0.17346187496391516,7,7,0,0,211900.0,211900.0,0.0,12.0,249.0,0.0,0.0,52,6,HIGH,0.11538461538461539
PRJ-2022-372,3354134.130000003,3187487.0199999996,6541621.150000002,7009500.0,467878.84999999776,0.07152337918560105,12,6,0,6,889400.0,314900.0,574500.0,34.0,860.0,0.6459410838767708,0.5,75,5,HIGH,0.06666666666666667
PRJ-2021-268,1152328.1000000006,1150377.0299999996,2302705.13,2773700.0,470994.8700000001,0.20453981009717911,6,4,0,2,75800.0,69300.0,6500.0,9.0,343.0,0.08575197889182058,0.3333333333333333,31,2,MEDIUM,0.06451612903225806
PRJ-2022-366,4147185.570000003,3625453.43,7772639.000000004,8276800.0,504160.9999999963,0.06486355535101991,12,10,0,2,1297100.0,946600.0,350500.0,17.0,1038.0,0.27021817901472517,0.16666666666666666,58,9,HIGH,0.15517241379310345
PRJ-2019-122,1269708.7700000012,1458037.48,2727746.250000001,3235900.0,508153.74999999907,0.18629069694440928,4,1,0,3,73100.0,-15900.0,89000.0,10.0,50.0,1.2175102599179206,0.75,15,4,LOW,0.26666666666666666
PRJ-2019-118,2065276.5400000021,1945362.23,4010638.7700000023,4536200.0,525561.2299999977,0.13104177666940506,11,8,0,3,683100.0,589500.0,93600.0,14.0,1092.0,0.1370223978919631,0.2727272727272727,54,7,HIGH,0.12962962962962962
PRJ-2019-120,3602213.4200000013,3421526.6900000004,7023740.110000001,7566200.0,542459.8899999987,0.07723234081905668,12,10,0,2,667200.0,430700.0,236500.0,66.0,976.0,0.3544664268585132,0.16666666666666666,51,7,HIGH,0.13725490196078433
PRJ-2018-013,2042211.880000002,1874186.3299999998,3916398.210000002,4468600.0,552201.7899999982,0.14099735532255744,12,6,0,6,665900.0,313800.0,352100.0,61.0,1064.0,0.52875807178255,0.5,39,8,MEDIUM,0.20512820512820512
PRJ-2022-343,1838012.120000001,1906652.75,3744664.870000001,4310000.0,565335.129999999,0.15097082105507584,10,6,0,4,375300.0,328900.0,46400.0,16.0,765.0,0.12363442579269918,0.4,53,7,HIGH,0.1320754716981132
PRJ-2019-132,2076163.480000002,2243858.46,4320021.940000002,4891200.0,571178.0599999977,0.13221647203023174,10,9,0,1,365500.0,315200.0,50300.0,14.0,408.0,0.13761969904240767,0.1,57,6,HIGH,0.10526315789473684
PRJ-2021-294,4377291.830000001,3731611.55,8108903.380000001,8699000.0,590096.6199999992,0.07277144545283744,11,7,0,4,1719400.0,1019900.0,699500.0,37.0,1341.0,0.40682796324299175,0.36363636363636365,70,3,HIGH,0.04285714285714286
PRJ-2022-367,3123996.530000003,2725003.05,5848999.580000003,6458700.0,609700.4199999971,0.10424012032498672,14,10,0,4,1116500.0,882700.0,233800.0,31.0,939.0,0.20940438871473355,0.2857142857142857,81,7,HIGH,0.08641975308641975
PRJ-2019-090,1183748.5800000005,1439599.8099999998,2623348.3900000006,3250800.0,627451.6099999994,0.23917967296749298,12,9,0,3,602100.0,521000.0,81100.0,44.0,926.0,0.13469523334994188,0.25,54,9,HIGH,0.16666666666666666
PRJ-2018-049,1944894.3700000022,2084057.6,4028951.9700000025,4672100.0,643148.0299999975,0.1596315952110983,9,7,0,2,426400.0,391700.0,34700.0,0.0,316.0,0.08137898686679175,0.2222222222222222,50,5,MEDIUM,0.1
PRJ-2020-163,3440685.180000004,2929643.07,6370328.250000004,7078600.0,708271.7499999963,0.11118292844642595,19,14,0,5,2301000.0,1874200.0,426800.0,53.0,1454.0,0.1854845719252499,0.2631578947368421,71,11,HIGH,0.15492957746478872
PRJ-2020-233,1605895.5900000015,1830880.86,3436776.4500000016,4188800.0,752023.5499999984,0.21881654537058937,9,8,0,1,319400.0,276700.0,42700.0,30.0,644.0,0.13368816530995617,0.1111111111111111,45,4,MEDIUM,0.08888888888888889
PRJ-2020-174,3444668.8100000033,3777847.21,7222516.020000003,7974800.0,752283.9799999967,0.10415816010886417,11,10,0,1,1430600.0,1364300.0,66300.0,28.0,667.0,0.04634419124842723,0.09090909090909091,85,6,HIGH,0.07058823529411765
PRJ-2020-172,2090659.2500000026,2046771.6699999997,4137430.9200000023,4908700.0,771269.0799999977,0.18641255767479917,10,8,0,2,743100.0,567900.0,175200.0,28.0,1338.0,0.23576907549454987,0.2,54,4,HIGH,0.07407407407407407
PRJ-2022-374,2399480.870000003,2237355.38,4636836.250000003,5423500.0,786663.7499999972,0.1696552795022677,20,15,0,5,1427800.0,1285900.0,141900.0,74.0,1740.0,0.09938366718027734,0.25,53,9,HIGH,0.16981132075471697
PRJ-2019-110,1204162.2700000007,1845981.5799999998,3050143.8500000006,3847000.0,796856.1499999994,0.2612519898036938,3,2,0,1,293400.0,210200.0,83200.0,11.0,358.0,0.283571915473756,0.3333333333333333,24,3,MEDIUM,0.125
PRJ-2021-273,1091479.6600000004,1406731.18,2498210.8400000003,3295300.0,797089.1599999997,0.31906400662323586,4,4,0,0,198300.0,198300.0,0.0,4.0,636.0,0.0,0.0,19,1,LOW,0.05263157894736842
PRJ-2022-326,1908264.8400000017,1942745.18,3851010.0200000014,4719400.0,868389.9799999986,0.22549668151733301,6,4,0,2,163600.0,275200.0,-111600.0,14.0,222.0,-0.6821515892420538,0.3333333333333333,42,3,MEDIUM,0.07142857142857142
PRJ-2022-370,1055798.06,1324926.15,2380724.21,3274200.0,893475.79,0.37529579707176586,9,8,0,1,556800.0,508200.0,48600.0,37.0,894.0,0.08728448275862069,0.1111111111111111,34,6,MEDIUM,0.17647058823529413
PRJ-2021-272,851626.17,1425695.42,2277321.59,3216700.0,939378.4100000001,0.41249264667973407,4,3,0,1,218900.0,160500.0,58400.0,7.0,482.0,0.26678848789401555,0.25,23,3,MEDIUM,0.13043478260869565
PRJ-2019-145,1395032.450000001,1927894.88,3322927.330000001,4328500.0,1005572.669999999,0.30261650952204205,8,6,0,2,285800.0,126100.0,159700.0,21.0,285.0,0.5587823652904129,0.25,52,7,HIGH,0.1346153846153846
PRJ-2020-165,3589232.9400000023,3754974.6399999997,7344207.580000002,8392100.0,1047892.4199999981,0.1426828433953385,17,16,0,1,1768500.0,1864100.0,-95600.0,28.0,1432.0,-0.05405711054566016,0.058823529411764705,93,12,HIGH,0.12903225806451613
PRJ-2021-295,3751148.7500000014,3466935.0999999996,7218083.8500000015,8284000.0,1065916.1499999985,0.1476730074284186,16,15,0,1,1126500.0,1012100.0,114400.0,73.0,1285.0,0.10155348424323125,0.0625,96,10,HIGH,0.10416666666666667
PRJ-2018-074,1170156.9800000004,1749149.59,2919306.5700000003,4025000.0,1105693.4299999997,0.3787520781005195,9,6,0,3,589100.0,399200.0,189900.0,30.0,894.0,0.32235613647937533,0.3333333333333333,54,5,HIGH,0.09259259259259259
PRJ-2020-180,3467223.7500000033,3906046.14,7373269.890000003,8496900.0,1123630.1099999966,0.1523923749927993,20,17,0,3,1963600.0,1672000.0,291600.0,86.0,1704.0,0.14850275005092686,0.15,68,11,HIGH,0.16176470588235295
PRJ-2020-207,1076098.0900000003,1721081.43,2797179.5200000005,3955900.0,1158720.4799999995,0.4142460187896697,4,4,0,0,157800.0,157800.0,0.0,23.0,676.0,0.0,0.0,27,2,MEDIUM,0.07407407407407407
PRJ-2018-039,1860961.6200000013,2315900.1199999996,4176861.740000001,5339800.0,1162938.2599999988,0.2784239298282348,6,3,0,3,245100.0,99200.0,145900.0,2.0,484.0,0.5952672378620971,0.5,51,3,HIGH,0.058823529411764705
PRJ-2023-399,3622001.9000000027,3629731.18,7251733.080000003,8451900.0,1200166.9199999971,0.16550070262652258,16,13,0,3,2392600.0,1875200.0,517400.0,61.0,1223.0,0.2162501044888406,0.1875,87,7,HIGH,0.08045977011494253
PRJ-2020-217,1288425.0800000005,1779814.4299999997,3068239.5100000002,4290100.0,1221860.4899999998,0.3982285235613825,6,4,0,2,410900.0,273300.0,137600.0,61.0,323.0,0.33487466536870286,0.3333333333333333,26,3,MEDIUM,0.11538461538461539
PRJ-2021-304,1430876.5200000007,2103463.44,3534339.960000001,4767300.0,1232960.039999999,0.34885156887963853,10,9,0,1,703900.0,727300.0,-23400.0,38.0,1096.0,-0.0332433584315954,0.1,39,6,MEDIUM,0.15384615384615385
PRJ-2022-324,1688642.280000001,2406024.6399999997,4094666.920000001,5333500.0,1238833.0799999991,0.3025479493702015,12,8,0,4,878300.0,735200.0,143100.0,52.0,1076.0,0.1629283843789138,0.3333333333333333,35,8,MEDIUM,0.22857142857142856
PRJ-2022-350,3417416.290000003,3310626.4400000004,6728042.730000003,7978100.0,1250057.2699999968,0.18579805749836492,15,8,0,7,1261400.0,657300.0,604100.0,83.0,1017.0,0.47891231964483905,0.4666666666666667,89,10,HIGH,0.11235955056179775
PRJ-2018-077,1402907.810000001,2209171.59,3612079.400000001,4867200.0,1255120.5999999992,0.34747868499236173,11,7,0,4,1080600.0,760300.0,320300.0,24.0,650.0,0.2964094021839719,0.36363636363636365,44,4,MEDIUM,0.09090909090909091
PRJ-2024-003,1954577.9900000016,2268510.1100000003,4223088.1000000015,5500700.0,1277611.8999999985,0.302530250316113,8,5,0,3,694100.0,321300.0,372800.0,21.0,1081.0,0.5370984008068002,0.375,45,4,MEDIUM,0.08888888888888889
PRJ-2023-395,622517.1899999998,1647743.4899999998,2270260.6799999997,3562900.0,1292639.3200000003,0.5693792485539593,5,3,0,2,271800.0,208300.0,63500.0,7.0,371.0,0.23362766740250185,0.4,23,4,MEDIUM,0.17391304347826086
PRJ-2021-317,736275.05,1543895.1600000001,2280170.21,3582200.0,1302029.79,0.5710230684927684,3,2,0,1,8300.0,-8600.0,16900.0,0.0,0.0,2.036144578313253,0.3333333333333333,28,3,MEDIUM,0.10714285714285714
PRJ-2022-330,832266.0199999999,1623237.2499999998,2455503.2699999996,3776600.0,1321096.7300000004,0.5380146490295656,4,3,0,1,-14000.0,26200.0,-40200.0,7.0,57.0,2.8714285714285714,0.25,18,4,LOW,0.2222222222222222
PRJ-2021-305,3007357.2100000028,3288110.6300000004,6295467.840000004,7723100.0,1427632.1599999964,0.22677141656242591,18,16,0,2,1605300.0,1490600.0,114700.0,31.0,1531.0,0.07145081916152744,0.1111111111111111,68,8,HIGH,0.11764705882352941
PRJ-2019-157,2253919.7400000016,3072253.8599999994,5326173.6000000015,6756100.0,1429926.3999999985,0.26847160971245815,13,11,0,2,1305900.0,1068700.0,237200.0,103.0,1404.0,0.18163718508308446,0.15384615384615385,70,7,HIGH,0.1
PRJ-2023-393,1710774.5000000014,2096879.49,3807653.990000001,5239900.0,1432246.0099999988,0.3761492020444847,7,7,0,0,130600.0,130600.0,0.0,21.0,385.0,0.0,0.0,59,5,HIGH,0.0847457627118644
PRJ-2020-200,1189294.6600000008,1812070.1700000002,3001364.830000001,4456400.0,1455035.169999999,0.48479117082210843,7,6,0,1,743400.0,690500.0,52900.0,14.0,665.0,0.07115953726123217,0.14285714285714285,39,5,MEDIUM,0.1282051282051282
PRJ-2021-265,1736720.9500000016,2362306.9699999997,4099027.9200000013,5679300.0,1580272.0799999987,0.3855236194634161,11,10,0,1,1039000.0,902100.0,136900.0,34.0,1267.0,0.13176130895091434,0.09090909090909091,57,5,HIGH,0.08771929824561403
PRJ-2018-043,2577753.680000003,3149499.5099999993,5727253.190000002,7344700.0,1617446.8099999977,0.28241231116237714,19,15,0,4,2129900.0,1754600.0,375300.0,72.0,1873.0,0.17620545565519508,0.21052631578947367,95,7,HIGH,0.07368421052631578
PRJ-2023-387,2272580.0400000024,2885646.64,5158226.6800000025,6779700.0,1621473.3199999975,0.3143470461053869,20,18,0,2,2599700.0,2402300.0,197400.0,95.0,1693.0,0.07593183828903335,0.1,77,8,HIGH,0.1038961038961039
PRJ-2019-134,1425065.590000001,2381078.8700000006,3806144.460000002,5435400.0,1629255.5399999982,0.42805930177437285,9,5,0,4,907800.0,508700.0,399100.0,48.0,1207.0,0.4396342806785636,0.4444444444444444,44,4,MEDIUM,0.09090909090909091
PRJ-2022-338,1962982.4700000028,2859434.9299999992,4822417.400000002,6459200.0,1636782.5999999978,0.33941122558159253,10,9,0,1,1080700.0,1051100.0,29600.0,14.0,1262.0,0.0273896548533358,0.1,50,8,MEDIUM,0.16
PRJ-2018-078,2666462.1400000034,3762652.7,6429114.840000004,8107100.0,1677985.1599999964,0.260997851455395,11,8,0,3,897300.0,784000.0,113300.0,23.0,865.0,0.12626769196478324,0.2727272727272727,96,5,HIGH,0.052083333333333336
PRJ-2018-051,2076174.7200000018,2634052.3000000003,4710227.020000002,6390400.0,1680172.9799999977,0.35670743105711217,10,8,0,2,586300.0,638000.0,-51700.0,22.0,472.0,-0.08818011257035648,0.2,54,7,HIGH,0.12962962962962962
PRJ-2019-158,1658562.8200000012,2441666.78,4100229.600000001,5800100.0,1699870.399999999,0.41457932014343746,6,4,0,2,536600.0,365200.0,171400.0,14.0,346.0,0.3194185613119642,0.3333333333333333,51,6,HIGH,0.11764705882352941
PRJ-2021-246,3521520.380000002,4182969.8300000005,7704490.210000003,9436700.0,1732209.7899999972,0.22483120138846885,14,12,0,2,2079000.0,1635100.0,443900.0,89.0,1410.0,0.21351611351611352,0.14285714285714285,63,9,HIGH,0.14285714285714285
PRJ-2019-130,2129806.9800000014,3263757.3699999996,5393564.3500000015,7148700.0,1755135.6499999985,0.32541294329787646,17,16,0,1,1623900.0,1564200.0,59700.0,44.0,1433.0,0.03676334749676704,0.058823529411764705,95,9,HIGH,0.09473684210526316
PRJ-2021-285,1727268.200000002,2684070.73,4411338.930000002,6207100.0,1795761.0699999984,0.407078462683437,11,7,0,4,1134000.0,678300.0,455700.0,20.0,1342.0,0.40185185185185185,0.36363636363636365,53,9,HIGH,0.16981132075471697
PRJ-2020-182,1949011.430000002,3556805.9699999997,5505817.400000002,7311300.0,1805482.5999999978,0.3279227167976906,11,6,0,5,1615000.0,960300.0,654700.0,54.0,1329.0,0.40538699690402474,0.45454545454545453,39,7,MEDIUM,0.1794871794871795
PRJ-2020-188,2671238.6600000025,3281030.02,5952268.6800000025,7764300.0,1812031.3199999975,0.30442700378908244,15,14,0,1,1984300.0,2066200.0,-81900.0,8.0,1465.0,-0.0412740009071209,0.06666666666666667,65,7,HIGH,0.1076923076923077
PRJ-2021-303,3623177.580000002,4010053.47,7633231.050000003,9455400.0,1822168.9499999974,0.23871528820026963,12,6,0,6,1208700.0,497500.0,711200.0,21.0,834.0,0.5884007611483412,0.5,65,7,HIGH,0.1076923076923077
PRJ-2022-358,1946006.5900000015,2771980.2100000004,4717986.800000002,6555600.0,1837613.1999999983,0.3894909583045035,8,7,0,1,524500.0,471800.0,52700.0,28.0,664.0,0.10047664442326025,0.125,52,5,HIGH,0.09615384615384616
PRJ-2019-084,2278171.970000002,2962420.1299999994,5240592.1000000015,7147700.0,1907107.8999999985,0.3639107687850764,13,9,0,4,1412300.0,890300.0,522000.0,40.0,1185.0,0.36960985626283366,0.3076923076923077,81,8,HIGH,0.09876543209876543
PRJ-2018-063,1340459.2100000007,2310454.75,3650913.960000001,5571400.0,1920486.039999999,0.5260288412822521,6,5,0,1,510400.0,353800.0,156600.0,14.0,971.0,0.3068181818181818,0.16666666666666666,47,5,MEDIUM,0.10638297872340426
PRJ-2022-363,1194702.1500000008,2571354.2600000002,3766056.410000001,5727300.0,1961243.589999999,0.5207685112714492,7,5,0,2,538800.0,303300.0,235500.0,16.0,854.0,0.4370824053452116,0.2857142857142857,30,4,MEDIUM,0.13333333333333333
PRJ-2019-098,1896600.520000002,2709900.13,4606500.650000002,6575400.0,1968899.3499999978,0.42741757780930667,8,7,0,1,1018600.0,766000.0,252600.0,6.0,724.0,0.24798743373257412,0.125,37,3,MEDIUM,0.08108108108108109
PRJ-2021-284,1600905.600000002,2876719.4899999993,4477625.090000002,6462000.0,1984374.9099999983,0.4431757617295283,6,5,0,1,207200.0,90900.0,116300.0,11.0,322.0,0.5612934362934363,0.16666666666666666,41,6,MEDIUM,0.14634146341463414
PRJ-2018-020,2198480.990000002,3930355.14,6128836.130000003,8134400.0,2005563.8699999973,0.32723405022741187,12,10,0,2,1635600.0,1441500.0,194100.0,16.0,845.0,0.11867204695524577,0.16666666666666666,56,9,HIGH,0.16071428571428573
PRJ-2020-240,2772306.2900000033,3737638.19,6509944.480000003,8519500.0,2009555.5199999968,0.3086901165092572,14,10,0,4,1843100.0,1267200.0,575900.0,47.0,1760.0,0.31246269871412297,0.2857142857142857,92,7,HIGH,0.07608695652173914
PRJ-2020-170,643085.1699999997,2090244.9100000001,2733330.08,4781200.0,2047869.92,0.7492215941954584,3,3,0,0,119100.0,119100.0,0.0,21.0,189.0,0.0,0.0,29,2,MEDIUM,0.06896551724137931
PRJ-2019-085,1719775.0000000014,2759777.36,4479552.360000001,6529700.0,2050147.6399999987,0.4576679710916468,11,11,0,0,662600.0,662600.0,0.0,28.0,191.0,0.0,0.0,53,6,HIGH,0.11320754716981132
PRJ-2021-313,1087593.28,2495903.7300000004,3583497.0100000007,5645900.0,2062402.9899999993,0.5755280342762163,6,5,0,1,455900.0,332500.0,123400.0,9.0,370.0,0.2706733932880018,0.16666666666666666,46,4,MEDIUM,0.08695652173913043
PRJ-2020-164,1755751.300000002,3103772.5700000003,4859523.870000002,6974300.0,2114776.129999998,0.43518175577970714,7,6,0,1,800200.0,822900.0,-22700.0,5.0,354.0,-0.028367908022994253,0.14285714285714285,54,4,HIGH,0.07407407407407407
PRJ-2021-279,1757119.5100000012,2554435.35,4311554.860000001,6441500.0,2129945.1399999987,0.4940085906734811,8,8,0,0,751700.0,751700.0,0.0,34.0,912.0,0.0,0.0,36,5,MEDIUM,0.1388888888888889
PRJ-2019-100,1195071.060000001,2407895.5199999996,3602966.5800000005,5740000.0,2137033.4199999995,0.5931316243294156,6,4,0,2,429100.0,220900.0,208200.0,7.0,249.0,0.4852015847121883,0.3333333333333333,21,2,MEDIUM,0.09523809523809523
PRJ-2022-353,1720890.5200000019,2830650.8200000003,4551541.340000002,6704800.0,2153258.6599999983,0.47308340167684765,7,5,0,2,888700.0,633400.0,255300.0,26.0,628.0,0.28727354562844604,0.2857142857142857,51,4,HIGH,0.0784313725490196
PRJ-2021-314,1537219.1900000016,2703881.3400000003,4241100.530000002,6395800.0,2154699.469999998,0.5080519678226059,11,10,0,1,953000.0,889100.0,63900.0,42.0,1008.0,0.0670514165792235,0.09090909090909091,57,5,HIGH,0.08771929824561403
PRJ-2018-018,3007124.1500000036,4582607.300000001,7589731.450000005,9759400.0,2169668.549999995,0.2858689486305861,10,7,0,3,1076600.0,520700.0,555900.0,28.0,1019.0,0.5163477614712986,0.3,66,5,HIGH,0.07575757575757576
PRJ-2018-044,1649721.9400000013,3328204.9299999997,4977926.870000001,7155400.0,2177473.129999999,0.43742569685440125,11,6,0,5,1089700.0,702400.0,387300.0,23.0,1588.0,0.3554189226392585,0.45454545454545453,52,7,HIGH,0.1346153846153846
PRJ-2019-155,2156938.7900000005,3548102.4700000007,5705041.260000002,7902700.0,2197658.7399999984,0.38521346995481637,6,5,0,1,462500.0,423800.0,38700.0,14.0,460.0,0.08367567567567567,0.16666666666666666,33,4,MEDIUM,0.12121212121212122
PRJ-2019-160,1692756.600000001,2839337.92,4532094.520000001,6770600.0,2238505.4799999986,0.4939229466908819,12,8,0,4,1294000.0,1122700.0,171300.0,54.0,837.0,0.13238021638330758,0.3333333333333333,52,8,HIGH,0.15384615384615385
PRJ-2021-258,1291126.0900000008,2785635.3099999996,4076761.4000000004,6342300.0,2265538.5999999996,0.5557201851450024,8,4,0,4,843900.0,325700.0,518200.0,38.0,860.0,0.6140537978433463,0.5,46,6,MEDIUM,0.13043478260869565
PRJ-2019-148,1818597.290000002,3411408.5600000005,5230005.850000002,7496600.0,2266594.1499999976,0.4333827179179917,9,8,0,1,803200.0,645600.0,157600.0,33.0,606.0,0.19621513944223107,0.1111111111111111,50,4,MEDIUM,0.08
PRJ-2021-254,1743117.7300000018,2970412.4699999997,4713530.200000001,6997700.0,2284169.799999999,0.48459852872057513,7,5,0,2,933900.0,608400.0,325500.0,49.0,581.0,0.34853838740764537,0.2857142857142857,53,3,HIGH,0.05660377358490566
PRJ-2023-398,1824668.0400000012,3014917.4099999997,4839585.450000001,7156000.0,2316414.549999999,0.4786390433502932,12,8,0,4,1223600.0,886700.0,336900.0,53.0,1260.0,0.27533507682249103,0.3333333333333333,47,6,MEDIUM,0.1276595744680851
PRJ-2020-232,1955325.930000002,2931561.36,4886887.290000002,7252600.0,2365712.709999998,0.48409397835733536,10,7,0,3,1142000.0,621100.0,520900.0,19.0,766.0,0.4561295971978984,0.3,59,6,HIGH,0.1016949152542373
PRJ-2021-319,2274941.6100000017,3391188.52,5666130.130000002,8035000.0,2368869.8699999982,0.41807544402443814,12,9,0,3,1401400.0,1155700.0,245700.0,70.0,1197.0,0.17532467532467533,0.25,79,6,HIGH,0.0759493670886076
PRJ-2018-023,2175563.1700000013,4251639.469999999,6427202.640000001,8806000.0,2378797.3599999994,0.3701139505382079,10,8,0,2,1148700.0,770800.0,377900.0,17.0,469.0,0.3289805867502394,0.2,37,6,MEDIUM,0.16216216216216217
PRJ-2020-190,1314936.7600000007,2648271.1700000004,3963207.930000001,6342200.0,2378992.069999999,0.6002693050727718,7,7,0,0,660600.0,660600.0,0.0,44.0,588.0,0.0,0.0,33,6,MEDIUM,0.18181818181818182
PRJ-2019-095,3800106.2500000037,4720070.54,8520176.790000003,10928800.0,2408623.209999997,0.2826963887447688,20,15,0,5,2452500.0,1634100.0,818400.0,67.0,1956.0,0.33370030581039756,0.25,88,10,HIGH,0.11363636363636363
PRJ-2018-058,623484.8300000001,2467290.2600000002,3090775.0900000003,5542600.0,2451824.9099999997,0.7932718617840289,3,2,0,1,-118500.0,-93900.0,-24600.0,0.0,-265.0,0.20759493670886076,0.3333333333333333,18,1,LOW,0.05555555555555555
PRJ-2019-124,1296665.8200000005,2857437.3499999996,4154103.17,6667500.0,2513396.83,0.6050395782539026,8,6,0,2,669600.0,534200.0,135400.0,14.0,475.0,0.20221027479091996,0.25,59,5,HIGH,0.0847457627118644
PRJ-2022-360,2135462.8200000017,3466794.0,5602256.820000002,8119500.0,2517243.179999998,0.4493266304774648,10,8,0,2,1112600.0,932400.0,180200.0,35.0,699.0,0.16196296962070825,0.2,53,4,HIGH,0.07547169811320754
PRJ-2020-222,3459640.7500000023,4112716.96,7572357.710000003,10103800.0,2531442.2899999972,0.33430041038037495,11,8,0,3,1460400.0,767600.0,692800.0,33.0,871.0,0.47439057792385647,0.2727272727272727,96,9,HIGH,0.09375
PRJ-2018-073,658040.8600000001,2303791.27,2961832.13,5505200.0,2543367.87,0.8587143897314667,4,3,0,1,366500.0,350400.0,16100.0,14.0,289.0,0.04392905866302865,0.25,28,2,MEDIUM,0.07142857142857142
PRJ-2018-046,1150398.1700000004,3001731.5100000002,4152129.6800000006,6695800.0,2543670.3199999994,0.6126182263170544,10,8,0,2,1018800.0,830800.0,188000.0,2.0,931.0,0.1845308205732234,0.2,60,7,HIGH,0.11666666666666667
PRJ-2019-088,2230029.0500000017,4255496.779999999,6485525.830000001,9056500.0,2570974.169999999,0.39641722774543303,14,6,0,8,1598000.0,644700.0,953300.0,28.0,1237.0,0.596558197747184,0.5714285714285714,86,10,HIGH,0.11627906976744186
PRJ-2021-278,1618392.390000001,3089566.86,4707959.250000001,7285100.0,2577140.749999999,0.5474008191553481,9,6,0,3,1066600.0,743400.0,323200.0,24.0,825.0,0.30301893868366775,0.3333333333333333,57,5,HIGH,0.08771929824561403
PRJ-2018-068,2376305.8800000018,3498701.9400000004,5875007.820000002,8484600.0,2609592.179999998,0.4441853117397207,14,9,0,5,464800.0,356900.0,107900.0,47.0,628.0,0.23214285714285715,0.35714285714285715,66,6,HIGH,0.09090909090909091
PRJ-2022-323,1092075.2500000005,2810765.47,3902840.7200000007,6518400.0,2615559.2799999993,0.6701680820835545,9,7,0,2,896500.0,801800.0,94700.0,19.0,911.0,0.10563301728945901,0.2222222222222222,48,6,MEDIUM,0.125
PRJ-2023-388,3423560.5700000045,5420678.84,8844239.410000004,11460200.0,2615960.589999996,0.2957812954545511,11,9,0,2,2077000.0,1806200.0,270800.0,32.0,958.0,0.13038035628310063,0.18181818181818182,52,5,HIGH,0.09615384615384616
PRJ-2023-390,3051256.2300000037,4140333.0999999996,7191589.330000004,9814800.0,2623210.669999996,0.36476091022844803,18,13,0,5,1771400.0,1273300.0,498100.0,63.0,1756.0,0.28119001919385794,0.2777777777777778,53,10,HIGH,0.18867924528301888
PRJ-2020-230,1220790.700000001,3004351.42,4225142.120000001,6856000.0,2630857.879999999,0.6226673104193707,3,2,0,1,178000.0,244300.0,-66300.0,0.0,264.0,-0.3724719101123595,0.3333333333333333,26,1,MEDIUM,0.038461538461538464
PRJ-2019-083,2106700.600000002,3654796.75,5761497.3500000015,8426800.0,2665302.6499999985,0.4626058970590341,8,6,0,2,736800.0,700600.0,36200.0,42.0,867.0,0.0491313789359392,0.25,59,4,HIGH,0.06779661016949153
PRJ-2023-391,2413343.500000002,4197866.9,6611210.400000002,9276800.0,2665589.5999999978,0.40319237155120596,19,15,0,4,2556400.0,2306800.0,249600.0,35.0,1653.0,0.09763730245657956,0.21052631578947367,97,6,HIGH,0.061855670103092786
PRJ-2018-012,1772692.3000000021,4523072.72,6295765.020000001,8981600.0,2685834.9799999986,0.4266097879237554,7,5,0,2,956300.0,555300.0,401000.0,24.0,155.0,0.41932447976576387,0.2857142857142857,58,2,HIGH,0.034482758620689655
PRJ-2021-293,2221879.780000002,3862565.8699999996,6084445.650000002,8773800.0,2689354.3499999978,0.44200482750634756,11,9,0,2,1469900.0,1314600.0,155300.0,12.0,725.0,0.10565344581264031,0.18181818181818182,48,5,MEDIUM,0.10416666666666667
PRJ-2020-171,652180.6399999999,2137299.43,2789480.0700000003,5483200.0,2693719.9299999997,0.9656709717951129,6,5,0,1,182900.0,152100.0,30800.0,28.0,163.0,0.16839803171131765,0.16666666666666666,21,6,MEDIUM,0.2857142857142857
PRJ-2019-144,2407015.280000002,3611701.2,6018716.480000002,8733100.0,2714383.5199999977,0.45099042777971105,14,12,0,2,1750200.0,1449800.0,300400.0,53.0,1150.0,0.17163752713975547,0.14285714285714285,97,5,HIGH,0.05154639175257732
PRJ-2018-075,3829494.4900000026,5273609.12,9103103.610000003,11823600.0,2720496.389999997,0.29885372138480976,17,12,0,5,3356000.0,2301300.0,1054700.0,97.0,1115.0,0.3142729439809297,0.29411764705882354,53,9,HIGH,0.16981132075471697
PRJ-2022-375,3476017.740000005,4872325.49,8348343.230000005,11148900.0,2800556.769999995,0.3354625813581928,12,9,0,3,2468000.0,2024700.0,443300.0,36.0,990.0,0.1796191247974068,0.25,74,7,HIGH,0.0945945945945946
PRJ-2019-139,1334079.010000001,3118915.8699999996,4452994.880000001,7279100.0,2826105.119999999,0.6346526767172027,8,8,0,0,1153100.0,1153100.0,0.0,28.0,699.0,0.0,0.0,47,5,MEDIUM,0.10638297872340426
PRJ-2020-228,1748322.9200000013,3757464.2399999998,5505787.160000001,8334900.0,2829112.839999999,0.5138434810109874,6,4,0,2,665100.0,453300.0,211800.0,26.0,676.0,0.3184483536310329,0.3333333333333333,30,4,MEDIUM,0.13333333333333333
PRJ-2021-308,3729091.7800000026,5043033.640000001,8772125.420000004,11706700.0,2934574.5799999963,0.33453404272005893,18,13,0,5,3235100.0,2676700.0,558400.0,51.0,1708.0,0.172606720039566,0.2777777777777778,75,9,HIGH,0.12
PRJ-2019-108,3243597.8400000036,4560810.72,7804408.560000003,10742000.0,2937591.4399999967,0.37640154502623774,20,13,0,7,2657200.0,2288000.0,369200.0,86.0,1680.0,0.13894324853228962,0.35,94,10,HIGH,0.10638297872340426
PRJ-2020-229,1291606.8600000008,2920387.52,4211994.380000001,7149800.0,2937805.619999999,0.6974856457429552,6,4,0,2,1068200.0,724800.0,343400.0,30.0,440.0,0.3214753791424827,0.3333333333333333,53,4,HIGH,0.07547169811320754
PRJ-2019-140,3130315.060000002,5199041.28,8329356.340000002,11317400.0,2988043.6599999983,0.35873644229273033,14,12,0,2,2480700.0,2088800.0,391900.0,85.0,1242.0,0.15797960253154353,0.14285714285714285,69,7,HIGH,0.10144927536231885
PRJ-2022-373,1089744.11,2931511.32,4021255.4299999997,7039400.0,3018144.5700000003,0.7505478382406562,5,4,0,1,563100.0,391500.0,171600.0,7.0,531.0,0.3047416089504528,0.2,17,3,LOW,0.17647058823529413
PRJ-2018-029,1956345.3100000017,4435357.47,6391702.780000001,9464600.0,3072897.219999999,0.48076347192101415,10,9,0,1,2122000.0,2096900.0,25100.0,24.0,1091.0,0.01182846371347785,0.1,40,5,MEDIUM,0.125
PRJ-2021-288,2040894.910000002,4702689.2299999995,6743584.1400000015,9884500.0,3140915.8599999985,0.4657635753915273,11,5,0,6,1572300.0,925600.0,646700.0,45.0,975.0,0.41130827450232144,0.5454545454545454,44,5,MEDIUM,0.11363636363636363
PRJ-2019-097,1403924.2000000014,3730037.45,5133961.650000001,8287400.0,3153438.3499999987,0.614230990603523,8,8,0,0,931800.0,931800.0,0.0,33.0,766.0,0.0,0.0,46,4,MEDIUM,0.08695652173913043
PRJ-2020-223,1401301.730000001,3199795.18,4601096.910000001,7781000.0,3179903.089999999,0.6911184772241622,12,5,0,7,875900.0,455900.0,420000.0,26.0,752.0,0.479506793012901,0.5833333333333334,31,5,MEDIUM,0.16129032258064516
PRJ-2020-218,2968312.160000003,4572991.69,7541303.850000003,10723000.0,3181696.1499999966,0.4219026594452888,14,11,0,3,1412200.0,977500.0,434700.0,37.0,1454.0,0.30781758957654726,0.21428571428571427,65,8,HIGH,0.12307692307692308
PRJ-2018-005,1095348.35,3349216.83,4444565.18,7639600.0,3195034.8200000003,0.7188633062188551,9,8,0,1,738900.0,831000.0,-92100.0,28.0,455.0,-0.12464474218432806,0.1111111111111111,36,5,MEDIUM,0.1388888888888889
PRJ-2021-299,1813333.8000000014,3544362.96,5357696.760000002,8553300.0,3195603.2399999984,0.5964509346363226,9,7,0,2,983800.0,852800.0,131000.0,15.0,859.0,0.1331571457613336,0.2222222222222222,60,6,HIGH,0.1
PRJ-2021-267,3506680.840000002,4710448.989999999,8217129.830000002,11418900.0,3201770.169999998,0.3896458053164285,11,10,0,1,2388700.0,2232000.0,156700.0,47.0,1212.0,0.06560053585632353,0.09090909090909091,84,6,HIGH,0.07142857142857142
PRJ-2021-292,3690607.010000004,6024773.350000001,9715380.360000005,12949400.0,3234019.639999995,0.3328762766010731,20,16,0,4,3270200.0,2572500.0,697700.0,56.0,1838.0,0.213350865390496,0.2,69,9,HIGH,0.13043478260869565
PRJ-2019-138,3612764.9900000026,5445355.940000001,9058120.930000003,12335900.0,3277779.0699999966,0.3618608202882532,14,12,0,2,2563000.0,2613700.0,-50700.0,60.0,1488.0,-0.01978150604760047,0.14285714285714285,60,9,HIGH,0.15
PRJ-2018-006,1934885.9200000016,4690590.9399999995,6625476.860000001,9972100.0,3346623.1399999987,0.5051143050856566,10,8,0,2,1786300.0,1227000.0,559300.0,5.0,887.0,0.31310530146112076,0.2,43,6,MEDIUM,0.13953488372093023
PRJ-2019-111,2087744.1200000015,5195564.420000001,7283308.540000003,10652700.0,3369391.459999997,0.462618251237781,8,6,0,2,1432700.0,763200.0,669500.0,21.0,831.0,0.467299504432191,0.25,36,6,MEDIUM,0.16666666666666666
PRJ-2019-123,1735927.1800000016,4541916.16,6277843.340000002,9694800.0,3416956.6599999983,0.5442882969424333,7,4,0,3,927900.0,689800.0,238100.0,19.0,721.0,0.2566009268240112,0.42857142857142855,50,4,MEDIUM,0.08
PRJ-2019-146,1044898.3400000004,3425845.49,4470743.830000001,7895000.0,3424256.169999999,0.7659253806988977,9,5,0,4,915100.0,409600.0,505500.0,49.0,777.0,0.5523986449568353,0.4444444444444444,37,3,MEDIUM,0.08108108108108109
PRJ-2020-168,766306.2799999998,3353569.31,4119875.59,7586700.0,3466824.41,0.8414876455043635,4,3,0,1,378100.0,339900.0,38200.0,28.0,254.0,0.10103147315524993,0.25,17,3,LOW,0.17647058823529413
PRJ-2021-270,2203428.7400000026,4460764.18,6664192.920000002,10145500.0,3481307.079999998,0.5223899010414599,6,5,0,1,722300.0,695900.0,26400.0,7.0,636.0,0.03654991000969127,0.16666666666666666,47,4,MEDIUM,0.0851063829787234
PRJ-2019-136,1088900.8400000003,3563807.52,4652708.36,8200500.0,3547791.6399999997,0.7625218185822418,10,9,0,1,895300.0,768500.0,126800.0,11.0,602.0,0.14162850441192895,0.1,37,6,MEDIUM,0.16216216216216217
PRJ-2021-245,1176216.7500000005,4494076.670000001,5670293.420000002,9302500.0,3632206.579999998,0.6405676586662419,11,8,0,3,1745200.0,1344600.0,400600.0,21.0,752.0,0.22954389181755672,0.2727272727272727,39,8,MEDIUM,0.20512820512820512
PRJ-2022-377,1211387.0200000007,3916861.5199999996,5128248.54,8797200.0,3668951.46,0.7154394782901844,6,3,0,3,1086600.0,689900.0,396700.0,16.0,848.0,0.3650837474691699,0.5,60,4,HIGH,0.06666666666666667
PRJ-2020-231,2734648.8000000035,4862181.07,7596829.870000004,11314300.0,3717470.129999996,0.48934492329232515,20,14,0,6,3422500.0,2076500.0,1346000.0,66.0,1686.0,0.39327976625273925,0.3,89,13,HIGH,0.14606741573033707
PRJ-2018-064,2763862.810000003,5420111.139999999,8183973.950000001,11924700.0,3740726.049999999,0.45707941800083546,19,15,0,4,1881700.0,1526000.0,355700.0,45.0,1447.0,0.18903119519583356,0.21052631578947367,91,11,HIGH,0.12087912087912088
PRJ-2019-133,1178608.9200000006,3547191.15,4725800.07,8507600.0,3781799.9299999997,0.8002454344201657,10,7,0,3,1131300.0,511700.0,619600.0,15.0,773.0,0.547688499955803,0.3,30,6,MEDIUM,0.2
PRJ-2019-112,1303750.9400000009,4797836.349999999,6101587.289999999,9951700.0,3850112.710000001,0.6310018241171473,6,5,0,1,835700.0,687100.0,148600.0,7.0,550.0,0.17781500538470743,0.16666666666666666,38,4,MEDIUM,0.10526315789473684
PRJ-2023-382,1696514.1300000013,4439140.33,6135654.460000001,10014000.0,3878345.539999999,0.6320997320308678,7,2,0,5,1190300.0,451100.0,739200.0,40.0,788.0,0.6210199109468201,0.7142857142857143,48,3,MEDIUM,0.0625
PRJ-2020-183,4328496.6800000025,5839290.719999999,10167787.400000002,14052900.0,3885112.5999999978,0.3821001017389483,18,13,0,5,2678500.0,2204300.0,474200.0,54.0,1678.0,0.17703938771700578,0.2777777777777778,54,10,HIGH,0.18518518518518517
PRJ-2021-301,1729635.7700000019,4531491.0,6261126.770000001,10173000.0,3911873.2299999986,0.6247874182557076,8,3,0,5,1097200.0,452300.0,644900.0,49.0,531.0,0.5877688662048851,0.625,55,4,HIGH,0.07272727272727272
PRJ-2021-263,1193665.2000000007,4292165.649999999,5485830.85,9427600.0,3941769.1500000004,0.7185364000058443,11,9,0,2,1503400.0,1200400.0,303000.0,50.0,1190.0,0.20154316881734735,0.18181818181818182,55,7,HIGH,0.12727272727272726
PRJ-2022-359,759150.3399999997,3395724.78,4154875.1199999996,8126300.0,3971424.8800000004,0.955846990655161,6,4,0,2,854000.0,632800.0,221200.0,9.0,837.0,0.25901639344262295,0.3333333333333333,19,5,LOW,0.2631578947368421
PRJ-2021-248,1448029.0900000008,4782079.46,6230108.550000001,10275000.0,4044891.4499999993,0.6492489524921679,6,6,0,0,955500.0,955500.0,0.0,19.0,504.0,0.0,0.0,36,2,MEDIUM,0.05555555555555555
PRJ-2021-287,1090014.0300000003,3950247.98,5040262.01,9128200.0,4087937.99,0.8110566438588775,6,5,0,1,209000.0,85300.0,123700.0,19.0,232.0,0.591866028708134,0.16666666666666666,42,3,MEDIUM,0.07142857142857142
PRJ-2019-096,1220889.4000000008,4189676.99,5410566.390000001,9515700.0,4105133.6099999994,0.7587253004763516,6,6,0,0,419900.0,419900.0,0.0,12.0,306.0,0.0,0.0,44,2,MEDIUM,0.045454545454545456
PRJ-2020-238,1421182.7700000012,4009757.5799999996,5430940.350000001,9570000.0,4139059.6499999994,0.7621257799305416,8,5,0,3,928900.0,645000.0,283900.0,37.0,634.0,0.305630315426849,0.375,38,2,MEDIUM,0.05263157894736842
PRJ-2023-392,868685.06,3893722.8999999994,4762407.959999999,8992200.0,4229792.040000001,0.888162474850223,6,4,0,2,658400.0,277000.0,381400.0,21.0,318.0,0.5792831105710814,0.3333333333333333,24,5,MEDIUM,0.20833333333333334
PRJ-2022-332,2212364.1200000024,4678206.07,6890570.190000003,11145100.0,4254529.809999997,0.6174423440565802,10,7,0,3,1637700.0,1073200.0,564500.0,47.0,1099.0,0.3446907247969714,0.3,37,6,MEDIUM,0.16216216216216217
PRJ-2023-385,2149642.380000002,4918183.72,7067826.1000000015,11325900.0,4258073.8999999985,0.602458781491525,8,6,0,2,2015100.0,1506500.0,508600.0,14.0,874.0,0.2523944221130465,0.25,49,6,MEDIUM,0.12244897959183673
PRJ-2020-198,1500558.6100000008,4776302.14,6276860.75,10548500.0,4271639.25,0.6805375202883065,12,9,0,3,1673500.0,1292400.0,381100.0,56.0,1134.0,0.22772632207947416,0.25,50,8,MEDIUM,0.16
PRJ-2018-065,1726598.5000000012,4521697.56,6248296.0600000005,10527500.0,4279203.9399999995,0.6848593438768648,11,6,0,5,1477400.0,959600.0,517800.0,13.0,858.0,0.35048057398131854,0.45454545454545453,40,5,MEDIUM,0.125
PRJ-2021-302,1184523.1700000006,4738844.56,5923367.73,10221200.0,4297832.27,0.7255724219573312,4,2,0,2,922900.0,559200.0,363700.0,19.0,193.0,0.39408386607433094,0.5,28,2,MEDIUM,0.07142857142857142
PRJ-2020-167,1755733.3900000018,4827610.65,6583344.040000002,10884400.0,4301055.959999998,0.6533238934296979,6,3,0,3,1137300.0,648500.0,488800.0,26.0,441.0,0.4297898531609953,0.5,33,5,MEDIUM,0.15151515151515152
PRJ-2020-208,3071347.760000001,5726314.51,8797662.270000001,13113600.0,4315937.729999999,0.49057779186606554,13,10,0,3,2095700.0,1182500.0,913200.0,53.0,1201.0,0.43574939161139475,0.23076923076923078,85,8,HIGH,0.09411764705882353
PRJ-2023-400,1252908.7900000005,4271961.789999999,5524870.58,9857500.0,4332629.42,0.7842046899132975,6,5,0,1,1420600.0,1343000.0,77600.0,19.0,523.0,0.05462480641982261,0.16666666666666666,46,4,MEDIUM,0.08695652173913043
PRJ-2020-187,1893747.3400000012,4513808.38,6407555.720000001,10772500.0,4364944.279999999,0.6812183101858378,7,6,0,1,593400.0,663000.0,-69600.0,16.0,357.0,-0.1172901921132457,0.14285714285714285,60,5,HIGH,0.08333333333333333
PRJ-2022-379,2318254.5400000024,4968529.909999999,7286784.450000001,11724700.0,4437915.549999999,0.6090362052633516,16,10,0,6,2334100.0,1354700.0,979400.0,57.0,1574.0,0.4196049869328649,0.375,66,6,HIGH,0.09090909090909091
PRJ-2018-038,1189964.7600000005,4351529.180000001,5541493.940000001,10013100.0,4471606.059999999,0.8069315077154081,10,9,0,1,1226100.0,874900.0,351200.0,33.0,498.0,0.28643666911344917,0.1,48,4,MEDIUM,0.08333333333333333
PRJ-2022-378,649392.92,4003041.0700000003,4652433.99,9129400.0,4476966.01,0.9622846921896896,5,5,0,0,49300.0,49300.0,0.0,14.0,137.0,0.0,0.0,28,1,MEDIUM,0.03571428571428571
PRJ-2021-298,1956637.5100000019,4690931.44,6647568.950000002,11138700.0,4491131.049999998,0.6756050345292013,12,11,0,1,2020000.0,1731000.0,289000.0,51.0,750.0,0.14306930693069306,0.08333333333333333,58,4,HIGH,0.06896551724137931
PRJ-2019-093,1262338.040000001,4297976.45,5560314.490000001,10065300.0,4504985.509999999,0.8102033649539125,9,6,0,3,1252200.0,967300.0,284900.0,38.0,1064.0,0.22751956556460629,0.3333333333333333,48,6,MEDIUM,0.125
PRJ-2018-028,1413443.560000001,4344682.47,5758126.030000001,10282500.0,4524373.969999999,0.7857372253451698,12,10,0,2,1104500.0,896500.0,208000.0,47.0,997.0,0.18832050701674966,0.16666666666666666,55,6,HIGH,0.10909090909090909
PRJ-2018-027,3600917.800000004,6337538.359999999,9938456.160000004,14485200.0,4546743.839999996,0.45748995284595534,17,11,0,6,3182400.0,2053900.0,1128500.0,50.0,1201.0,0.3546065862242333,0.35294117647058826,81,6,HIGH,0.07407407407407407
PRJ-2021-242,2427093.7000000016,5884337.86,8311431.560000002,12910200.0,4598768.439999998,0.5533064198148792,11,7,0,4,2309700.0,1568200.0,741500.0,49.0,1122.0,0.3210373641598476,0.36363636363636365,97,4,HIGH,0.041237113402061855
PRJ-2018-004,1801300.7300000016,4652851.7299999995,6454152.460000001,11143200.0,4689047.539999999,0.7265163891092834,8,5,0,3,1104300.0,593600.0,510700.0,12.0,729.0,0.46246490989767275,0.375,55,3,HIGH,0.05454545454545454
PRJ-2020-193,4066490.4900000026,6035604.590000002,10102095.080000004,14828400.0,4726304.919999996,0.46785393352286625,20,18,0,2,5055000.0,4387400.0,667600.0,73.0,1894.0,0.13206726013847675,0.1,61,9,HIGH,0.14754098360655737
PRJ-2019-125,3609036.7900000038,5908967.92,9518004.710000005,14284500.0,4766495.289999995,0.5007872380008512,12,9,0,3,1500500.0,1381700.0,118800.0,9.0,841.0,0.07917360879706764,0.25,85,5,HIGH,0.058823529411764705
PRJ-2020-169,1095366.8100000005,4662776.029999999,5758142.84,10566500.0,4808357.16,0.8350534701219743,7,5,0,2,378700.0,680800.0,-302100.0,16.0,457.0,-0.7977290731449697,0.2857142857142857,58,4,HIGH,0.06896551724137931
PRJ-2019-099,1328511.0000000007,4475612.71,5804123.710000001,10626200.0,4822076.289999999,0.8308017766216769,6,6,0,0,731600.0,731600.0,0.0,16.0,486.0,0.0,0.0,26,2,MEDIUM,0.07692307692307693
PRJ-2021-259,1922360.6300000024,4895386.79,6817747.420000003,11644900.0,4827152.579999997,0.7080274880585111,11,9,0,2,2378000.0,1761500.0,616500.0,9.0,1436.0,0.2592514718250631,0.18181818181818182,60,4,HIGH,0.06666666666666667
PRJ-2018-003,1751514.5600000015,5128479.36,6879993.920000002,11765500.0,4885506.079999998,0.7101032554400858,9,6,0,3,1479600.0,1084000.0,395600.0,38.0,653.0,0.2673695593403623,0.3333333333333333,48,5,MEDIUM,0.10416666666666667
PRJ-2018-057,2158716.8000000017,7181530.92,9340247.720000003,14319700.0,4979452.2799999975,0.5331177961519843,8,8,0,0,1011400.0,1011400.0,0.0,39.0,864.0,0.0,0.0,33,5,MEDIUM,0.15151515151515152
PRJ-2019-089,2288503.720000003,5606699.5200000005,7895203.240000004,12876000.0,4980796.759999996,0.6308636533592255,11,8,0,3,2730700.0,1775700.0,955000.0,42.0,1288.0,0.3497271761819314,0.2727272727272727,71,7,HIGH,0.09859154929577464
PRJ-2020-177,1159583.1800000004,4892333.0600000005,6051916.240000001,11131700.0,5079783.759999999,0.8393678231078753,8,6,0,2,1459800.0,1460400.0,-600.0,26.0,567.0,-0.0004110152075626798,0.25,32,5,MEDIUM,0.15625
PRJ-2022-354,1166716.3700000006,4997567.65,6164284.020000001,11265900.0,5101615.979999999,0.827608845317286,8,6,0,2,1323000.0,851000.0,472000.0,7.0,577.0,0.35676492819349964,0.25,56,5,HIGH,0.08928571428571429
PRJ-2021-250,2419486.560000002,5781015.739999999,8200502.300000001,13304500.0,5103997.699999999,0.6224006180694565,11,9,0,2,1967900.0,1699200.0,268700.0,17.0,1077.0,0.13654149092941714,0.18181818181818182,51,4,HIGH,0.0784313725490196
PRJ-2021-255,1112060.9400000004,4513754.34,5625815.28,10746400.0,5120584.72,0.9101942501034267,3,2,0,1,313700.0,254200.0,59500.0,0.0,230.0,0.18967166082244183,0.3333333333333333,24,2,MEDIUM,0.08333333333333333
PRJ-2018-014,1522354.6300000015,4903810.789999999,6426165.420000001,11611600.0,5185434.579999999,0.8069251631558526,10,6,0,4,1668400.0,871400.0,797000.0,35.0,1053.0,0.4777031886837689,0.4,33,7,MEDIUM,0.21212121212121213
PRJ-2021-312,1856538.010000001,5123887.599999999,6980425.609999999,12192500.0,5212074.390000001,0.7466699999686697,11,9,0,2,2082400.0,2175700.0,-93300.0,56.0,744.0,-0.04480407222435651,0.18181818181818182,43,7,MEDIUM,0.16279069767441862
PRJ-2021-253,3625012.9200000027,6093403.57,9718416.490000002,14939900.0,5221483.509999998,0.5372771907206044,15,13,0,2,2634600.0,1853800.0,780800.0,42.0,1108.0,0.29636377438700373,0.13333333333333333,62,9,HIGH,0.14516129032258066
PRJ-2022-368,2105247.3800000027,5452298.1899999995,7557545.570000002,12779100.0,5221554.429999998,0.6909061125251007,12,12,0,0,1183800.0,1183800.0,0.0,9.0,491.0,0.0,0.0,43,6,MEDIUM,0.13953488372093023
PRJ-2021-277,910688.7900000003,5152762.1,6063450.89,11330400.0,5266949.11,0.8686388668021356,6,5,0,1,804700.0,703500.0,101200.0,18.0,771.0,0.12576115322480427,0.16666666666666666,18,5,LOW,0.2777777777777778
PRJ-2018-035,1318483.5300000012,5188360.7,6506844.230000001,11876100.0,5369255.769999999,0.8251704789927017,9,6,0,3,2033900.0,1522600.0,511300.0,36.0,1321.0,0.251388957175869,0.3333333333333333,48,4,MEDIUM,0.08333333333333333
PRJ-2022-335,1829434.620000001,5639602.92,7469037.540000001,12867000.0,5397962.459999999,0.7227119198546695,7,5,0,2,1235400.0,668200.0,567200.0,26.0,596.0,0.4591225514003562,0.2857142857142857,46,5,MEDIUM,0.10869565217391304
PRJ-2024-005,2234032.230000002,5911530.970000001,8145563.200000003,13556100.0,5410536.799999997,0.6642311485594998,12,9,0,3,2477500.0,1570700.0,906800.0,75.0,730.0,0.3660141271442987,0.25,51,4,HIGH,0.0784313725490196
PRJ-2018-059,2707105.270000003,5177799.949999999,7884905.2200000025,13323600.0,5438694.7799999975,0.6897603240942947,14,7,0,7,1840500.0,676100.0,1164400.0,50.0,713.0,0.632654170062483,0.5,84,7,HIGH,0.08333333333333333
PRJ-2020-221,2900876.6900000027,5352956.01,8253832.700000003,13753700.0,5499867.299999997,0.6663410199724541,15,12,0,3,2736600.0,2282300.0,454300.0,44.0,1339.0,0.1660089161733538,0.2,59,7,HIGH,0.11864406779661017
PRJ-2018-047,1432193.900000001,5529571.29,6961765.190000001,12464100.0,5502334.809999999,0.7903648945103243,11,5,0,6,1682500.0,668500.0,1014000.0,67.0,1165.0,0.6026745913818722,0.5454545454545454,35,4,MEDIUM,0.11428571428571428
PRJ-2020-220,3104637.3900000043,7896880.180000001,11001517.570000004,16531800.0,5530282.429999996,0.502683597495722,11,6,0,5,2558900.0,1448700.0,1110200.0,57.0,945.0,0.4338582984876314,0.45454545454545453,71,3,HIGH,0.04225352112676056
PRJ-2019-127,1094642.0200000003,5555655.879999999,6650297.899999999,12278000.0,5627702.100000001,0.8462330837841116,11,9,0,2,1359900.0,1093300.0,266600.0,2.0,725.0,0.19604382675196705,0.18181818181818182,50,8,MEDIUM,0.16
PRJ-2018-033,1684395.3000000014,4793342.550000001,6477737.850000002,12106700.0,5628962.149999998,0.8689703535934223,7,6,0,1,195900.0,349800.0,-153900.0,21.0,115.0,-0.7856049004594181,0.14285714285714285,43,2,MEDIUM,0.046511627906976744
PRJ-2022-361,1853248.8200000022,5319029.28,7172278.100000002,12824500.0,5652221.899999998,0.788065077956193,7,6,0,1,1440400.0,1218800.0,221600.0,14.0,557.0,0.15384615384615385,0.14285714285714285,42,6,MEDIUM,0.14285714285714285
PRJ-2022-333,2157313.9200000027,5635986.74,7793300.660000003,13461500.0,5668199.339999997,0.7273169081096372,8,6,0,2,1128100.0,895000.0,233100.0,16.0,649.0,0.20663061785302722,0.25,58,4,HIGH,0.06896551724137931
PRJ-2023-394,1059873.7500000002,4907069.11,5966942.86,11655700.0,5688757.14,0.95337885303631,7,5,0,2,1006100.0,625500.0,380600.0,16.0,793.0,0.37829241626080906,0.2857142857142857,49,4,MEDIUM,0.08163265306122448
PRJ-2018-034,4147761.5100000068,8259422.62,12407184.130000006,18102300.0,5695115.869999994,0.4590175990238964,12,8,0,4,2474900.0,1725300.0,749600.0,69.0,829.0,0.30288092448179726,0.3333333333333333,76,7,HIGH,0.09210526315789473
PRJ-2021-244,1976544.9200000016,5682267.11,7658812.030000002,13381900.0,5723087.969999998,0.7472553116047681,6,4,0,2,880100.0,799800.0,80300.0,26.0,476.0,0.09123963186001591,0.3333333333333333,57,2,HIGH,0.03508771929824561
PRJ-2020-214,1241345.2800000005,5190177.820000001,6431523.1000000015,12160200.0,5728676.8999999985,0.8907185453473684,6,5,0,1,1067500.0,877200.0,190300.0,28.0,567.0,0.17826697892271662,0.16666666666666666,56,4,HIGH,0.07142857142857142
PRJ-2020-236,1120738.6300000004,5209713.84,6330452.470000001,12071700.0,5741247.529999999,0.9069253038716834,7,7,0,0,1315400.0,1315400.0,0.0,21.0,603.0,0.0,0.0,38,6,MEDIUM,0.15789473684210525
PRJ-2020-209,2218000.4400000013,5840430.69,8058431.130000002,13827800.0,5769368.869999998,0.7159419466304972,7,5,0,2,1499700.0,1154900.0,344800.0,14.0,682.0,0.22991264919650597,0.2857142857142857,47,6,MEDIUM,0.1276595744680851
PRJ-2021-300,987379.8000000004,5184877.64,6172257.44,11970400.0,5798142.56,0.9393876740176929,4,3,0,1,1211900.0,772100.0,439800.0,5.0,437.0,0.3629012294743791,0.25,21,1,MEDIUM,0.047619047619047616
PRJ-2022-357,1193204.1000000003,5664929.82,6858133.920000001,12701400.0,5843266.079999999,0.8520198275743205,8,4,0,4,862500.0,393400.0,469100.0,19.0,837.0,0.5438840579710145,0.5,41,4,MEDIUM,0.0975609756097561
PRJ-2019-092,1519507.6900000016,6237904.74,7757412.430000002,13685000.0,5927587.569999998,0.764119172918591,11,9,0,2,1138400.0,796400.0,342000.0,32.0,661.0,0.3004216444132115,0.18181818181818182,52,4,HIGH,0.07692307692307693
PRJ-2022-328,2267776.490000002,6775763.980000001,9043540.470000003,14984700.0,5941159.5299999975,0.6569506212426997,16,12,0,4,2762300.0,1236100.0,1526200.0,40.0,1228.0,0.5525105890019187,0.25,61,9,HIGH,0.14754098360655737
PRJ-2018-060,947925.4600000002,5242988.79,6190914.25,12148300.0,5957385.75,0.9622788346648478,6,5,0,1,384300.0,258700.0,125600.0,0.0,117.0,0.3268279989591465,0.16666666666666666,22,4,MEDIUM,0.18181818181818182
PRJ-2018-010,900354.64,5633774.6899999995,6534129.329999999,12518600.0,5984470.670000001,0.9158788214557733,3,2,0,1,259300.0,408000.0,-148700.0,19.0,77.0,-0.5734670266101042,0.3333333333333333,22,3,MEDIUM,0.13636363636363635
PRJ-2018-030,2473614.7000000025,6997171.75,9470786.450000003,15491200.0,6020413.549999997,0.6356825361636145,17,15,0,2,4030200.0,3209200.0,821000.0,84.0,1794.0,0.20371197459183166,0.11764705882352941,80,7,HIGH,0.0875
PRJ-2020-178,1223787.7200000007,6262291.840000001,7486079.560000001,13548500.0,6062420.439999999,0.8098258095456305,9,6,0,3,1137800.0,492600.0,645200.0,44.0,420.0,0.5670592371242749,0.3333333333333333,58,7,HIGH,0.1206896551724138
PRJ-2019-109,1751773.7500000016,6112806.2299999995,7864579.980000001,14003800.0,6139220.019999999,0.7806163883655993,6,5,0,1,1113300.0,932900.0,180400.0,26.0,594.0,0.1620407796640618,0.16666666666666666,31,3,MEDIUM,0.0967741935483871
PRJ-2021-266,1734271.6500000015,6483729.34,8218000.990000001,14421000.0,6202999.009999999,0.7548063108714712,12,12,0,0,1917800.0,1917800.0,0.0,45.0,792.0,0.0,0.0,49,8,MEDIUM,0.16326530612244897
PRJ-2019-129,1765811.6700000009,6735222.98,8501034.650000002,14818000.0,6316965.349999998,0.7430819435608342,6,5,0,1,934800.0,871700.0,63100.0,20.0,631.0,0.06750106974753958,0.16666666666666666,38,4,MEDIUM,0.10526315789473684
PRJ-2019-105,864422.0,6995682.63,7860104.63,14194900.0,6334795.37,0.8059428809410136,4,4,0,0,597300.0,597300.0,0.0,7.0,271.0,0.0,0.0,28,0,MEDIUM,0.0
PRJ-2021-280,3555981.650000002,6999570.030000001,10555551.680000003,16958100.0,6402548.319999997,0.6065574319655072,11,8,0,3,1747600.0,795500.0,952100.0,33.0,828.0,0.5448043030441748,0.2727272727272727,76,7,HIGH,0.09210526315789473
PRJ-2022-334,3162180.030000003,7217671.319999999,10379851.350000001,16808500.0,6428648.6499999985,0.6193391825404125,18,12,0,6,4583000.0,2617900.0,1965100.0,68.0,1785.0,0.42878027492908577,0.3333333333333333,75,10,HIGH,0.13333333333333333
PRJ-2018-062,3191983.7300000023,8301273.450000001,11493257.180000003,17951800.0,6458542.819999997,0.561941903748472,14,9,0,5,2836400.0,1796100.0,1040300.0,60.0,1604.0,0.3667677337470032,0.35714285714285715,60,8,HIGH,0.13333333333333333
PRJ-2021-274,1973520.8000000021,5947505.669999999,7921026.470000001,14403300.0,6482273.529999999,0.8183628163030238,12,10,0,2,2209000.0,2099100.0,109900.0,74.0,1069.0,0.04975101856043459,0.16666666666666666,41,6,MEDIUM,0.14634146341463414
PRJ-2018-070,1567134.7300000011,6144163.529999999,7711298.260000001,14211600.0,6500301.739999999,0.8429581531968909,11,10,0,1,2831700.0,2490800.0,340900.0,33.0,1108.0,0.120387046650422,0.09090909090909091,59,4,HIGH,0.06779661016949153
PRJ-2022-339,4172678.260000001,8309729.96,12482408.22,19049700.0,6567291.779999999,0.5261237787014147,17,10,0,7,5241100.0,3603600.0,1637500.0,70.0,1780.0,0.3124344126233043,0.4117647058823529,89,10,HIGH,0.11235955056179775
PRJ-2020-235,3233748.8600000013,7763926.9399999995,10997675.8,17568500.0,6570824.199999999,0.5974738953479606,14,11,0,3,3400900.0,3113700.0,287200.0,28.0,1059.0,0.08444823429092299,0.21428571428571427,99,7,HIGH,0.0707070707070707
PRJ-2021-264,4034718.570000002,9042066.219999999,13076784.790000001,19658000.0,6581215.209999999,0.5032747204827249,17,8,0,9,4430500.0,2340900.0,2089600.0,56.0,1551.0,0.47163976977767746,0.5294117647058824,82,11,HIGH,0.13414634146341464
PRJ-2020-195,2729084.960000002,7320217.37,10049302.330000002,16644800.0,6595497.669999998,0.6563139861272337,18,13,0,5,3740500.0,3216600.0,523900.0,69.0,1848.0,0.14006148910573452,0.2777777777777778,72,6,HIGH,0.08333333333333333
PRJ-2018-054,4085550.6800000034,8669392.5,12754943.180000003,19355600.0,6600656.819999997,0.5174979399633824,18,14,0,4,3941500.0,2616600.0,1324900.0,47.0,1710.0,0.3361410630470633,0.2222222222222222,61,9,HIGH,0.14754098360655737
PRJ-2022-344,1318391.9300000009,6338594.79,7656986.720000001,14324800.0,6667813.279999999,0.8708142672604764,6,5,0,1,713100.0,568900.0,144200.0,23.0,534.0,0.20221567802552237,0.16666666666666666,46,1,MEDIUM,0.021739130434782608
PRJ-2022-352,3334076.590000004,7473908.819999999,10807985.410000004,17479000.0,6671014.589999996,0.6172301624156239,17,13,0,4,3447000.0,2259500.0,1187500.0,62.0,1271.0,0.3445024659123876,0.23529411764705882,98,11,HIGH,0.11224489795918367
PRJ-2021-289,4001154.4700000025,7388345.51,11389499.980000002,18095100.0,6705600.019999998,0.5887528014201723,17,15,0,2,4456800.0,4334500.0,122300.0,21.0,1850.0,0.027441213426673848,0.11764705882352941,79,10,HIGH,0.12658227848101267
PRJ-2018-019,4179415.620000002,8951036.47,13130452.090000004,19843200.0,6712747.909999996,0.5112350941147217,10,7,0,3,3884500.0,2044600.0,1839900.0,40.0,943.0,0.4736516926245334,0.3,66,6,HIGH,0.09090909090909091
PRJ-2018-076,2161405.420000002,7122427.529999999,9283832.950000001,16121600.0,6837767.049999999,0.7365241368329444,10,7,0,3,2052200.0,1411100.0,641100.0,32.0,1416.0,0.3123964525874671,0.3,37,3,MEDIUM,0.08108108108108109
PRJ-2019-107,3051377.740000005,6910196.4399999995,9961574.180000003,16812800.0,6851225.819999997,0.6877653768573346,10,7,0,3,1847000.0,736200.0,1110800.0,38.0,1005.0,0.6014076881429344,0.3,55,4,HIGH,0.07272727272727272
PRJ-2018-025,4094488.870000003,8655795.14,12750284.010000004,19762000.0,7011715.9899999965,0.5499262592504396,13,10,0,3,3190900.0,2203300.0,987600.0,33.0,960.0,0.30950515528534267,0.23076923076923078,82,4,HIGH,0.04878048780487805
PRJ-2020-192,1890768.5700000017,7374579.210000001,9265347.780000003,16296800.0,7031452.219999997,0.7588978187281811,9,5,0,4,2415600.0,1043300.0,1372300.0,31.0,924.0,0.5680990230170558,0.4444444444444444,41,7,MEDIUM,0.17073170731707318
PRJ-2018-069,1394938.5500000012,7073829.669999999,8468768.22,15508700.0,7039931.779999999,0.8312816689650764,9,9,0,0,2706100.0,2706100.0,0.0,30.0,1032.0,0.0,0.0,57,5,HIGH,0.08771929824561403
PRJ-2023-386,1318175.6800000009,6219878.68,7538054.36,14613200.0,7075145.64,0.9385904242802514,4,2,0,2,982300.0,296800.0,685500.0,19.0,216.0,0.6978519800468289,0.5,27,3,MEDIUM,0.1111111111111111
PRJ-2018-079,1898404.6700000016,6910706.2700000005,8809110.940000001,15943000.0,7133889.059999999,0.8098307659637668,12,9,0,3,3579100.0,2767800.0,811300.0,38.0,1243.0,0.2266770975943673,0.25,54,8,HIGH,0.14814814814814814
PRJ-2019-104,1111746.4000000004,5909165.35,7020911.75,14265200.0,7244288.25,1.0318158820327004,6,6,0,0,1026700.0,1026700.0,0.0,30.0,565.0,0.0,0.0,21,3,MEDIUM,0.14285714285714285
PRJ-2018-009,1326554.0100000005,6127472.31,7454026.32,14739200.0,7285173.68,0.9773474585745761,6,6,0,0,427800.0,427800.0,0.0,4.0,439.0,0.0,0.0,30,5,MEDIUM,0.16666666666666666
PRJ-2019-147,2523663.7600000035,8100629.310000001,10624293.070000004,17939600.0,7315306.929999996,0.6885452878419132,17,11,0,6,5166000.0,3270300.0,1895700.0,24.0,1702.0,0.3669570267131243,0.35294117647058826,53,8,HIGH,0.1509433962264151
PRJ-2018-042,1429694.380000001,6762014.340000001,8191708.720000002,15520500.0,7328791.279999998,0.894659652888634,8,5,0,3,1959100.0,1268600.0,690500.0,45.0,977.0,0.3524577612168853,0.375,55,4,HIGH,0.07272727272727272
PRJ-2024-004,1534370.3500000013,7219525.350000001,8753895.700000001,16205800.0,7451904.299999999,0.8512672020983753,12,8,0,4,3958500.0,2743100.0,1215400.0,33.0,1293.0,0.30703549324238977,0.3333333333333333,51,6,HIGH,0.11764705882352941
PRJ-2021-252,1305302.5300000007,7273198.31,8578500.84,16034200.0,7455699.16,0.8691144640605992,6,5,0,1,1165600.0,1103900.0,61700.0,15.0,219.0,0.05293411118737131,0.16666666666666666,39,3,MEDIUM,0.07692307692307693
PRJ-2023-384,2067199.6100000017,6910146.48,8977346.090000002,16524900.0,7547553.909999998,0.8407333118645531,12,11,0,1,3007900.0,2820700.0,187200.0,23.0,804.0,0.06223611157285814,0.08333333333333333,87,6,HIGH,0.06896551724137931
PRJ-2022-369,1620235.3900000015,7514846.8100000005,9135082.200000003,16703600.0,7568517.799999997,0.8285111873432288,12,7,0,5,2425600.0,1141500.0,1284100.0,44.0,893.0,0.5293947889182058,0.4166666666666667,54,6,HIGH,0.1111111111111111
PRJ-2019-086,1660021.620000001,7085268.07,8745289.690000001,16349700.0,7604410.309999999,0.869543557681735,11,8,0,3,2416600.0,2154200.0,262400.0,29.0,1043.0,0.10858230571877844,0.2727272727272727,39,8,MEDIUM,0.20512820512820512
PRJ-2020-210,1085284.4100000004,6665836.319999999,7751120.7299999995,15363300.0,7612179.2700000005,0.9820746618663494,4,4,0,0,692700.0,692700.0,0.0,5.0,249.0,0.0,0.0,21,1,MEDIUM,0.047619047619047616
PRJ-2021-290,2084344.830000002,7053275.090000001,9137619.920000002,16897900.0,7760280.079999998,0.8492671119986787,14,10,0,4,3119400.0,1953200.0,1166200.0,66.0,987.0,0.3738539462717189,0.2857142857142857,69,5,HIGH,0.07246376811594203
PRJ-2018-072,829814.4700000002,8323442.210000001,9153256.680000002,17023900.0,7870643.319999998,0.8598735504924131,5,5,0,0,1125200.0,1125200.0,0.0,14.0,470.0,0.0,0.0,19,4,LOW,0.21052631578947367
PRJ-2022-355,3743437.2600000026,7883057.41,11626494.670000002,19507700.0,7881205.329999998,0.6778659908851098,17,13,0,4,3813000.0,3062700.0,750300.0,52.0,1769.0,0.1967741935483871,0.23529411764705882,70,11,HIGH,0.15714285714285714
PRJ-2020-224,1602547.5700000015,7794077.069999999,9396624.64,17309200.0,7912575.359999999,0.8420657058405175,10,8,0,2,2246400.0,1721900.0,524500.0,16.0,1353.0,0.2334846866096866,0.2,53,2,HIGH,0.03773584905660377
PRJ-2022-380,2137958.500000002,7507154.16,9645112.660000002,17594200.0,7949087.339999998,0.8241570233768525,9,5,0,4,2549600.0,1462200.0,1087400.0,36.0,1074.0,0.4264982742390963,0.4444444444444444,48,5,MEDIUM,0.10416666666666667
PRJ-2020-199,1682671.1800000013,7608452.75,9291123.930000002,17352200.0,8061076.069999998,0.867610434510693,6,4,0,2,1580500.0,713600.0,866900.0,5.0,820.0,0.5484973109775387,0.3333333333333333,58,3,HIGH,0.05172413793103448
PRJ-2018-016,2891545.8400000036,9104486.48,11996032.320000004,20143600.0,8147567.679999996,0.6791885402322752,19,15,0,4,5458800.0,4255100.0,1203700.0,37.0,1430.0,0.2205063383893896,0.21052631578947367,94,7,HIGH,0.07446808510638298
PRJ-2019-135,1406692.8400000005,7574242.469999999,8980935.309999999,17205800.0,8224864.690000001,0.9158138218456895,8,8,0,0,2149700.0,2149700.0,0.0,61.0,777.0,0.0,0.0,43,6,MEDIUM,0.13953488372093023
PRJ-2021-309,3936480.2100000023,9966718.739999998,13903198.950000001,22186200.0,8283001.049999999,0.5957622472200902,16,11,0,5,4329900.0,3112900.0,1217000.0,40.0,1503.0,0.2810688468555856,0.3125,54,9,HIGH,0.16666666666666666
PRJ-2022-364,1504827.9200000009,7886902.090000001,9391730.010000002,17705700.0,8313969.989999998,0.8852437177333207,9,4,0,5,1988900.0,672900.0,1316000.0,21.0,1014.0,0.6616722811604404,0.5555555555555556,36,7,MEDIUM,0.19444444444444445
PRJ-2019-159,1929201.7900000021,7991635.23,9920837.020000003,18388000.0,8467162.979999997,0.8534726417670748,6,5,0,1,1236400.0,886500.0,349900.0,14.0,350.0,0.2829990294403106,0.16666666666666666,59,1,HIGH,0.01694915254237288
PRJ-2021-247,1189081.6500000004,7098307.19,8287388.840000001,16776100.0,8488711.16,1.0242926118089566,6,2,0,4,1672500.0,37100.0,1635400.0,30.0,378.0,0.9778176382660687,0.6666666666666666,57,5,HIGH,0.08771929824561403
PRJ-2021-282,3066817.370000003,8923954.49,11990771.860000003,20522200.0,8531428.139999997,0.711499496413569,11,6,0,5,3579100.0,2618800.0,960300.0,56.0,935.0,0.26830767511385545,0.45454545454545453,93,7,HIGH,0.07526881720430108
PRJ-2018-040,2691658.000000002,8842785.91,11534443.910000002,20185900.0,8651456.089999998,0.7500540257948158,11,10,0,1,2063500.0,1894500.0,169000.0,33.0,626.0,0.08189968500121153,0.09090909090909091,69,4,HIGH,0.057971014492753624
PRJ-2020-234,1315172.2800000007,8206695.42,9521867.700000001,18210200.0,8688332.299999999,0.9124609345286322,6,4,0,2,1694700.0,1021800.0,672900.0,14.0,650.0,0.39706142680120377,0.3333333333333333,15,3,LOW,0.2
PRJ-2021-275,829294.5300000001,7550084.88,8379379.41,17106800.0,8727420.59,1.0415354363337033,5,4,0,1,1155600.0,871700.0,283900.0,14.0,607.0,0.24567324333679474,0.2,24,3,MEDIUM,0.125
PRJ-2021-320,4209955.080000004,9638282.33,13848237.410000004,22654700.0,8806462.589999996,0.6359266041785742,11,11,0,0,2309000.0,2309000.0,0.0,33.0,556.0,0.0,0.0,58,6,HIGH,0.10344827586206896
PRJ-2023-389,649280.6999999998,6846691.63,7495972.33,16342800.0,8846827.67,1.1802108226298642,4,2,0,2,517600.0,343500.0,174100.0,14.0,181.0,0.3363601236476043,0.5,20,1,LOW,0.05
PRJ-2018-066,2065310.410000002,8523319.899999999,10588630.31,19502100.0,8913469.69,0.8417962880035613,12,10,0,2,3421300.0,3055900.0,365400.0,71.0,1101.0,0.10680150819863794,0.16666666666666666,30,9,MEDIUM,0.3
PRJ-2019-119,1975113.8900000022,8688201.120000001,10663315.010000004,19638700.0,8975384.989999996,0.8417068220889025,11,9,0,2,3466000.0,2588200.0,877800.0,9.0,977.0,0.2532602423542989,0.18181818181818182,34,7,MEDIUM,0.20588235294117646
PRJ-2021-257,3764653.8300000033,9714537.16,13479190.990000004,22476900.0,8997709.009999996,0.6675258935551289,14,10,0,4,4806200.0,3656700.0,1149500.0,46.0,1670.0,0.2391702384420124,0.2857142857142857,76,7,HIGH,0.09210526315789473
PRJ-2018-015,2878955.260000004,10278685.88,13157641.140000004,22370800.0,9213158.859999996,0.7002135688281883,18,13,0,5,5708800.0,4143500.0,1565300.0,64.0,1452.0,0.2741907230941704,0.2777777777777778,58,8,HIGH,0.13793103448275862
PRJ-2022-345,2598379.4900000035,8746013.129999999,11344392.620000003,20735100.0,9390707.379999997,0.8277840598926657,19,15,0,4,5852400.0,4608000.0,1244400.0,63.0,2055.0,0.21263071560385483,0.21052631578947367,82,10,HIGH,0.12195121951219512
PRJ-2019-087,4076098.580000001,10204134.369999997,14280232.95,23679700.0,9399467.05,0.6582152464116491,11,9,0,2,2975700.0,1925300.0,1050400.0,10.0,879.0,0.3529925731760594,0.18181818181818182,62,7,HIGH,0.11290322580645161
PRJ-2018-080,2242931.550000003,9365280.42,11608211.970000003,21015000.0,9406788.029999997,0.810356328288171,12,9,0,3,3663800.0,3469000.0,194800.0,51.0,699.0,0.05316884109394618,0.25,64,5,HIGH,0.078125
PRJ-2020-206,1853781.650000002,8213983.93,10067765.580000002,19496700.0,9428934.419999998,0.936546877763119,12,9,0,3,4065600.0,2675400.0,1390200.0,54.0,1384.0,0.3419421487603306,0.25,57,6,HIGH,0.10526315789473684
PRJ-2018-007,1110196.2500000005,7894962.55,9005158.8,18435100.0,9429941.2,1.0471710060237915,8,6,0,2,1682000.0,1658300.0,23700.0,5.0,607.0,0.014090368608799048,0.25,36,2,MEDIUM,0.05555555555555555
PRJ-2020-179,3905897.850000002,9165991.190000001,13071889.040000003,22532800.0,9460910.959999997,0.7237600419533545,13,10,0,3,3189800.0,2663300.0,526500.0,11.0,1019.0,0.16505737036804816,0.23076923076923078,79,8,HIGH,0.10126582278481013
PRJ-2022-329,2822140.1800000025,10070121.170000002,12892261.350000005,22489700.0,9597438.649999995,0.7444340747870419,11,9,0,2,3355500.0,2778000.0,577500.0,9.0,733.0,0.17210549843540457,0.18181818181818182,75,6,HIGH,0.08
PRJ-2022-336,1402228.7400000012,8454372.97,9856601.71,19536000.0,9679398.29,0.9820218544673242,11,9,0,2,1654400.0,2166600.0,-512200.0,16.0,263.0,-0.30959864603481624,0.18181818181818182,43,5,MEDIUM,0.11627906976744186
PRJ-2021-241,2094146.0400000021,9341482.07,11435628.110000003,21190400.0,9754771.889999997,0.8530158375358355,6,3,0,3,2043300.0,807200.0,1236100.0,38.0,550.0,0.6049527724758968,0.5,44,2,MEDIUM,0.045454545454545456
PRJ-2022-365,1428967.36,9085541.42,10514508.78,20279400.0,9764891.22,0.9287063641597911,8,7,0,1,1635800.0,1569300.0,66500.0,16.0,857.0,0.04065289155153442,0.125,58,6,HIGH,0.10344827586206896
PRJ-2022-346,4290357.550000003,9354673.98,13645031.530000003,23501900.0,9856868.469999997,0.7223778448828542,20,13,0,7,5125300.0,3606100.0,1519200.0,79.0,2006.0,0.29641191735117944,0.35,100,8,HIGH,0.08
PRJ-2021-249,2885223.4900000035,9310578.73,12195802.220000004,22118400.0,9922597.779999996,0.8136076332664561,11,9,0,2,3418400.0,2639700.0,778700.0,12.0,926.0,0.22779663000234027,0.18181818181818182,52,4,HIGH,0.07692307692307693
PRJ-2019-114,1969485.3200000017,9759516.040000001,11729001.360000003,21794400.0,10065398.639999997,0.8581633108447345,9,7,0,2,2582200.0,1690400.0,891800.0,9.0,523.0,0.3453644179381922,0.2222222222222222,45,2,MEDIUM,0.044444444444444446
PRJ-2020-175,1638902.6600000013,9864508.23,11503410.890000002,21617900.0,10114489.109999998,0.8792600044211752,10,7,0,3,3430900.0,2693000.0,737900.0,19.0,1225.0,0.2150747617243289,0.3,41,8,MEDIUM,0.1951219512195122
PRJ-2020-194,1102735.1300000006,8074294.440000001,9177029.570000002,19377200.0,10200170.429999998,1.111489328022291,6,4,0,2,1973100.0,1030400.0,942700.0,33.0,576.0,0.47777608838882973,0.3333333333333333,38,2,MEDIUM,0.05263157894736842
PRJ-2018-017,1104146.04,7888240.66,8992386.7,19227900.0,10235513.3,1.1382421198590138,10,7,0,3,967800.0,1269400.0,-301600.0,35.0,273.0,-0.311634635255218,0.3,54,7,HIGH,0.12962962962962962
PRJ-2018-024,1491928.3400000008,8709924.47,10201852.810000002,20454900.0,10253047.189999998,1.0050181453264855,12,9,0,3,4025000.0,3171100.0,853900.0,43.0,805.0,0.21214906832298136,0.25,51,5,HIGH,0.09803921568627451
PRJ-2019-149,2158678.0700000017,8760001.66,10918679.730000002,21350300.0,10431620.269999998,0.9553920920803486,9,6,0,3,2216800.0,1340100.0,876700.0,26.0,687.0,0.39547997112955613,0.3333333333333333,36,3,MEDIUM,0.08333333333333333
PRJ-2018-032,2240400.1200000015,10226295.26,12466695.38,22937300.0,10470604.62,0.8398861366900583,17,12,0,5,5796000.0,3949700.0,1846300.0,57.0,1459.0,0.31854727398205657,0.29411764705882354,100,7,HIGH,0.07
PRJ-2020-189,3795244.1800000044,11273868.290000001,15069112.470000006,25627000.0,10557887.529999994,0.7006310126770187,11,8,0,3,3063700.0,2307900.0,755800.0,56.0,862.0,0.24669517250383524,0.2727272727272727,87,7,HIGH,0.08045977011494253
PRJ-2019-094,1427166.7500000012,9799886.859999998,11227053.61,21854500.0,10627446.39,0.9465926465812967,7,4,0,3,1702000.0,1266000.0,436000.0,0.0,392.0,0.25616921269095183,0.42857142857142855,32,4,MEDIUM,0.125
PRJ-2019-150,3025999.6600000025,12448292.029999997,15474291.69,26312900.0,10838608.31,0.7004267805682033,20,16,0,4,4503300.0,3744600.0,758700.0,65.0,1470.0,0.1684764506028912,0.2,57,7,HIGH,0.12280701754385964
PRJ-2022-349,1955131.0600000022,10011832.76,11966963.820000002,22838100.0,10871136.179999998,0.908428933480305,9,8,0,1,2366500.0,1982400.0,384100.0,47.0,989.0,0.16230720473272767,0.1111111111111111,52,5,HIGH,0.09615384615384616
PRJ-2020-204,1382817.3700000008,9520741.06,10903558.430000002,21879800.0,10976241.569999998,1.0066660017889222,9,4,0,5,2735300.0,925800.0,1809500.0,14.0,539.0,0.6615362117500823,0.5555555555555556,48,5,MEDIUM,0.10416666666666667
PRJ-2020-215,2981241.1600000034,11059990.1,14041231.260000004,25024200.0,10982968.739999996,0.7821941350177573,14,11,0,3,4263000.0,3185300.0,1077700.0,19.0,782.0,0.2528031902416139,0.21428571428571427,88,7,HIGH,0.07954545454545454
PRJ-2021-310,1258807.5900000005,9790589.82,11049397.41,22123000.0,11073602.59,1.0021906334890347,6,5,0,1,1875100.0,1952600.0,-77500.0,2.0,293.0,-0.04133112900645299,0.16666666666666666,34,2,MEDIUM,0.058823529411764705
PRJ-2022-340,1274959.7300000004,9399523.07,10674482.8,21764800.0,11090317.2,1.0389559295556687,7,6,0,1,2628700.0,2202100.0,426600.0,33.0,766.0,0.162285540381177,0.14285714285714285,38,4,MEDIUM,0.10526315789473684
PRJ-2023-396,1217246.7600000007,9384689.32,10601936.080000002,21792300.0,11190363.919999998,1.055501923003482,9,7,0,2,2852200.0,2257100.0,595100.0,35.0,849.0,0.20864595750648623,0.2222222222222222,43,7,MEDIUM,0.16279069767441862
PRJ-2022-337,1746564.4600000014,10508846.569999998,12255411.03,23843100.0,11587688.97,0.9455161431660282,10,9,0,1,4077800.0,3835300.0,242500.0,46.0,1269.0,0.059468340771984894,0.1,60,6,HIGH,0.1
PRJ-2020-202,3993433.300000003,11383361.310000002,15376794.610000005,27043300.0,11666505.389999995,0.7587085401019082,20,16,0,4,8138900.0,6492200.0,1646700.0,32.0,1536.0,0.2023246384646574,0.2,100,9,HIGH,0.09
PRJ-2023-397,1943714.9700000018,10267673.93,12211388.900000002,24004100.0,11792711.099999998,0.965714153940343,11,7,0,4,4540800.0,3012800.0,1528000.0,35.0,1167.0,0.3365045806906272,0.36363636363636365,46,6,MEDIUM,0.13043478260869565
PRJ-2019-117,1175096.0200000003,10096363.01,11271459.03,23242700.0,11971240.97,1.0620844149934334,10,9,0,1,1711300.0,1985500.0,-274200.0,16.0,882.0,-0.16022906562262607,0.1,36,5,MEDIUM,0.1388888888888889
PRJ-2020-239,2122398.820000002,10529452.64,12651851.460000003,24992900.0,12341048.539999997,0.9754341946724052,15,11,0,4,6799700.0,4660800.0,2138900.0,50.0,1806.0,0.31455799520567085,0.26666666666666666,67,8,HIGH,0.11940298507462686
PRJ-2020-219,2100086.710000002,12300153.96,14400240.670000002,26803900.0,12403659.329999998,0.8613508353260041,7,6,0,1,2731900.0,2473400.0,258500.0,19.0,588.0,0.09462278999963396,0.14285714285714285,58,4,HIGH,0.06896551724137931
PRJ-2021-261,1096990.1500000004,10782519.879999999,11879510.03,24431600.0,12552089.97,1.0566168081260505,5,2,0,3,852200.0,32200.0,820000.0,21.0,380.0,0.9622154423844168,0.6,22,2,MEDIUM,0.09090909090909091
PRJ-2019-137,2688846.830000003,13104358.680000002,15793205.510000005,28487700.0,12694494.489999995,0.803794674992486,11,8,0,3,5388400.0,4167000.0,1221400.0,41.0,1060.0,0.2266721104595056,0.2727272727272727,56,7,HIGH,0.125
PRJ-2021-262,1498108.1700000009,11152880.48,12650988.650000002,25364300.0,12713311.349999998,1.004926310640552,12,9,0,3,2429300.0,2089900.0,339400.0,33.0,484.0,0.13971102786811015,0.25,46,9,MEDIUM,0.1956521739130435
PRJ-2022-327,4074061.940000002,12348558.649999999,16422620.59,29317400.0,12894779.41,0.7851840295118211,12,7,0,5,4403500.0,2653200.0,1750300.0,34.0,747.0,0.397479277847167,0.4166666666666667,69,6,HIGH,0.08695652173913043
PRJ-2020-227,2367006.520000003,12379713.229999999,14746719.750000002,27642400.0,12895680.249999998,0.8744778817675705,14,6,0,8,3881100.0,1563300.0,2317800.0,43.0,1259.0,0.5972018242250908,0.5714285714285714,76,8,HIGH,0.10526315789473684
PRJ-2024-002,3584194.5600000042,13581977.990000002,17166172.550000004,30075400.0,12909227.449999996,0.7520154776726855,20,14,0,6,8715300.0,6338600.0,2376700.0,63.0,1829.0,0.2727043245786146,0.3,82,11,HIGH,0.13414634146341464
PRJ-2019-115,2260548.500000002,10432746.520000001,12693295.020000003,25668700.0,12975404.979999997,1.0222251164536467,10,8,0,2,3444700.0,2735900.0,708800.0,47.0,886.0,0.20576537869770953,0.2,95,6,HIGH,0.06315789473684211
PRJ-2021-291,2700798.4700000025,10387673.169999998,13088471.64,26172700.0,13084228.36,0.9996758001914423,13,8,0,5,3406000.0,2255400.0,1150600.0,30.0,1157.0,0.3378156194950088,0.38461538461538464,81,10,HIGH,0.12345679012345678
PRJ-2022-347,1762197.9600000018,11912466.32,13674664.280000001,26875600.0,13200935.719999999,0.9653572072922582,8,4,0,4,3453300.0,1234000.0,2219300.0,31.0,634.0,0.6426606434425043,0.5,40,3,MEDIUM,0.075
PRJ-2022-362,1528389.720000001,10436980.969999999,11965370.69,25221200.0,13255829.31,1.1078494476630378,12,7,0,5,2826100.0,1908500.0,917600.0,63.0,1086.0,0.3246877322104667,0.4166666666666667,49,6,MEDIUM,0.12244897959183673
PRJ-2018-037,4144708.6900000027,15659099.190000001,19803807.880000003,33327600.0,13523792.119999997,0.682888472860705,18,13,0,5,8015000.0,5799600.0,2215400.0,69.0,1553.0,0.27640673736743604,0.2777777777777778,79,9,HIGH,0.11392405063291139
PRJ-2018-002,2679076.6000000024,12583906.879999999,15262983.48,28945000.0,13682016.52,0.8964182224221342,13,7,0,6,4802400.0,2294000.0,2508400.0,53.0,1392.0,0.5223221722472098,0.46153846153846156,93,2,HIGH,0.021505376344086023
PRJ-2020-186,1533804.770000001,11802669.189999998,13336473.959999999,27092300.0,13755826.040000001,1.0314439994602593,9,5,0,4,2965600.0,1919600.0,1046000.0,21.0,642.0,0.35271108713245214,0.4444444444444444,50,5,MEDIUM,0.1
PRJ-2019-151,2209456.4200000027,13519865.119999997,15729321.54,29489000.0,13759678.46,0.8747788914486138,8,6,0,2,4119300.0,3244900.0,874400.0,23.0,929.0,0.2122690748428131,0.25,45,6,MEDIUM,0.13333333333333333
PRJ-2022-342,1111841.7100000007,10709443.570000002,11821285.280000003,25765700.0,13944414.719999997,1.1796022504923418,6,4,0,2,1085600.0,1254400.0,-168800.0,0.0,338.0,-0.15549005158437731,0.3333333333333333,44,2,MEDIUM,0.045454545454545456
PRJ-2021-256,1620465.8800000018,11286508.24,12906974.120000001,26986100.0,14079125.879999999,1.090815380049743,6,5,0,1,3002100.0,2652700.0,349400.0,17.0,290.0,0.11638519702874654,0.16666666666666666,55,2,HIGH,0.03636363636363636
PRJ-2018-071,2100594.9900000026,11684280.75,13784875.740000002,27903800.0,14118924.259999998,1.0242329728827861,19,14,0,5,6388300.0,5484600.0,903700.0,55.0,1833.0,0.14146173473381024,0.2631578947368421,91,12,HIGH,0.13186813186813187
PRJ-2022-351,1197209.9600000004,10929766.94,12126976.9,26277400.0,14150423.1,1.1668549562422272,9,7,0,2,2889600.0,2231600.0,658000.0,33.0,1072.0,0.22771317829457363,0.2222222222222222,56,4,HIGH,0.07142857142857142
PRJ-2022-341,1293938.3200000003,10972156.71,12266095.030000001,26466700.0,14200604.969999999,1.157711964180013,11,6,0,5,4134500.0,2780000.0,1354500.0,30.0,948.0,0.32760914258072316,0.45454545454545453,51,5,HIGH,0.09803921568627451
PRJ-2022-321,1499621.3900000015,11363290.48,12862911.870000001,27079700.0,14216788.129999999,1.1052542591975325,10,9,0,1,3693900.0,3041300.0,652600.0,31.0,817.0,0.1766696445491215,0.1,44,8,MEDIUM,0.18181818181818182
PRJ-2022-356,3140016.490000002,12850523.649999999,15990540.14,30358400.0,14367859.86,0.8985224848070704,10,9,0,1,5552500.0,5320500.0,232000.0,31.0,898.0,0.041782980639351645,0.1,55,5,HIGH,0.09090909090909091
PRJ-2020-176,1994725.970000002,12933292.08,14928018.050000003,29496000.0,14567981.949999997,0.9758818552607521,7,4,0,3,2452900.0,205800.0,2247100.0,19.0,434.0,0.9160993110196094,0.42857142857142855,50,5,MEDIUM,0.1
PRJ-2021-307,2529360.4500000025,13818518.49,16347878.940000003,30962300.0,14614421.059999997,0.8939643554761969,10,6,0,4,5142400.0,3780800.0,1361600.0,39.0,1157.0,0.2647790914747978,0.4,79,6,HIGH,0.0759493670886076
PRJ-2021-297,1196602.9600000004,13640987.669999998,14837590.629999999,29819800.0,14982209.370000001,1.0097467805660845,11,10,0,1,1909000.0,1554200.0,354800.0,26.0,599.0,0.18585646935568362,0.09090909090909091,45,7,MEDIUM,0.15555555555555556
PRJ-2020-212,3592841.7500000037,12755682.73,16348524.480000004,31408300.0,15059775.519999996,0.9211703195859295,20,16,0,4,8936900.0,7122700.0,1814200.0,109.0,1859.0,0.203001040629301,0.2,71,10,HIGH,0.14084507042253522
PRJ-2019-142,1152822.2700000003,11414634.45,12567456.719999999,27745300.0,15177843.280000001,1.207710009921562,9,7,0,2,1603200.0,1479900.0,123300.0,28.0,189.0,0.07690868263473054,0.2222222222222222,40,5,MEDIUM,0.125
PRJ-2018-067,631866.9999999998,11444269.16,12076136.16,27337300.0,15261163.84,1.2637455919509937,5,3,0,2,328200.0,-153400.0,481600.0,12.0,165.0,1.4673979280926264,0.4,15,3,LOW,0.2
PRJ-2019-116,1188405.7600000005,14022832.33,15211238.09,30475400.0,15264161.91,1.0034792578807108,6,5,0,1,2183000.0,2380600.0,-197600.0,5.0,241.0,-0.09051763628034815,0.16666666666666666,52,3,HIGH,0.057692307692307696
PRJ-2020-162,845176.2999999999,12858056.660000004,13703232.960000005,29454800.0,15751567.039999995,1.1494781622686499,5,3,0,2,798700.0,147900.0,650800.0,2.0,226.0,0.8148240891448604,0.4,28,2,MEDIUM,0.07142857142857142
PRJ-2021-311,1416810.340000001,11845208.86,13262019.200000001,29170600.0,15908580.799999999,1.1995594758300454,11,11,0,0,2615100.0,2615100.0,0.0,23.0,851.0,0.0,0.0,36,5,MEDIUM,0.1388888888888889
PRJ-2018-036,1529207.0100000014,12795009.35,14324216.360000001,30397700.0,16073483.639999999,1.1221195796012116,9,8,0,1,4461800.0,3747400.0,714400.0,9.0,644.0,0.1601147518938545,0.1111111111111111,32,5,MEDIUM,0.15625
PRJ-2020-196,3202449.8100000024,15395311.360000001,18597761.17,35071200.0,16473438.829999998,0.8857753726063144,17,12,0,5,7274100.0,4798500.0,2475600.0,58.0,1321.0,0.3403307625685652,0.29411764705882354,62,9,HIGH,0.14516129032258066
PRJ-2018-022,2241230.910000003,14584040.839999996,16825271.75,33459400.0,16634128.25,0.9886394999831132,15,10,0,5,5876900.0,4652700.0,1224200.0,37.0,1232.0,0.20830710068233252,0.3333333333333333,86,9,HIGH,0.10465116279069768
PRJ-2018-031,3026545.120000004,20380766.03,23407311.150000006,40227400.0,16820088.849999994,0.7185827001748549,13,7,0,6,4873400.0,2347700.0,2525700.0,48.0,854.0,0.5182624040710797,0.46153846153846156,81,6,HIGH,0.07407407407407407
PRJ-2021-286,1962117.5800000017,14080891.04,16043008.620000001,32890900.0,16847891.38,1.0501703127552142,11,11,0,0,4508600.0,4508600.0,0.0,21.0,500.0,0.0,0.0,57,7,HIGH,0.12280701754385964
PRJ-2021-316,2036453.9400000025,12912262.329999998,14948716.270000001,32331600.0,17382883.729999997,1.1628345482003049,7,5,0,2,2885900.0,2062100.0,823800.0,4.0,458.0,0.28545687653764856,0.2857142857142857,53,3,HIGH,0.05660377358490566
PRJ-2024-001,2755206.2500000037,14739744.02,17494950.270000003,34955400.0,17460449.729999997,0.9980279715307813,12,9,0,3,5487300.0,4192500.0,1294800.0,33.0,1116.0,0.23596304193319118,0.25,88,3,HIGH,0.03409090909090909
PRJ-2022-376,3579305.100000002,15210599.61,18789904.71,36253900.0,17463995.29,0.9294350109559443,10,8,0,2,5410300.0,4062800.0,1347500.0,37.0,1175.0,0.24906197438219693,0.2,50,3,MEDIUM,0.06
PRJ-2021-251,3254276.4600000014,15987069.04,19241345.5,36898000.0,17656654.5,0.9176413624504586,11,6,0,5,6675700.0,5910500.0,765200.0,9.0,1147.0,0.11462468355378462,0.45454545454545453,73,6,HIGH,0.0821917808219178
PRJ-2020-237,1841414.970000002,13568973.89,15410388.860000003,33429700.0,18019311.139999997,1.1692963301381607,7,5,0,2,2551100.0,2091800.0,459300.0,32.0,409.0,0.18003998275253813,0.2857142857142857,59,3,HIGH,0.05084745762711865
PRJ-2021-271,3059454.130000003,16123137.900000002,19182592.030000005,37524700.0,18342107.969999995,0.956185063067308,13,11,0,2,7394100.0,5602200.0,1791900.0,86.0,1257.0,0.24234186716436076,0.15384615384615385,66,9,HIGH,0.13636363636363635
PRJ-2019-141,2039336.010000002,16825475.200000003,18864811.210000005,37242600.0,18377788.789999995,0.9741835518745162,8,6,0,2,4471600.0,3203500.0,1268100.0,30.0,940.0,0.28358976652652296,0.25,34,2,MEDIUM,0.058823529411764705
PRJ-2019-082,3459061.7800000017,18733970.890000004,22193032.670000006,40856900.0,18663867.329999994,0.8409786804499843,17,12,0,5,4398500.0,4122500.0,276000.0,71.0,1321.0,0.06274866431738092,0.29411764705882354,57,8,HIGH,0.14035087719298245
PRJ-2018-056,1953234.710000002,15452423.469999999,17405658.18,36121600.0,18715941.82,1.075279177980502,12,6,0,6,7271700.0,3878200.0,3393500.0,16.0,1448.0,0.4666721674436514,0.5,34,6,MEDIUM,0.17647058823529413
PRJ-2018-061,1856957.5200000016,15448755.419999998,17305712.94,36356500.0,19050787.06,1.1008380368985826,6,5,0,1,4066400.0,2754900.0,1311500.0,14.0,578.0,0.32252114892779854,0.16666666666666666,30,4,MEDIUM,0.13333333333333333
PRJ-2020-181,1854872.1200000024,15847909.969999999,17702782.09,36952500.0,19249717.91,1.0873837689542503,7,6,0,1,3975500.0,4279800.0,-304300.0,28.0,581.0,-0.07654383096465853,0.14285714285714285,30,4,MEDIUM,0.13333333333333333
PRJ-2019-102,3656739.720000004,19290892.29,22947632.01,42520100.0,19572467.99,0.8529188537392794,10,9,0,1,2687300.0,2436500.0,250800.0,7.0,671.0,0.09332787556283258,0.1,70,4,HIGH,0.05714285714285714
PRJ-2018-001,1428002.430000001,16885860.85,18313863.28,38022400.0,19708536.72,1.076153972467572,10,8,0,2,5456000.0,4293800.0,1162200.0,33.0,740.0,0.21301319648093842,0.2,49,8,MEDIUM,0.16326530612244897
PRJ-2021-276,2192338.1900000027,17088630.41,19280968.6,39079500.0,19798531.4,1.0268431950042176,11,6,0,5,4557900.0,3466500.0,1091400.0,63.0,970.0,0.2394523793852432,0.45454545454545453,46,6,MEDIUM,0.13043478260869565
PRJ-2021-306,2195103.560000002,16221304.600000001,18416408.160000004,38576500.0,20160091.839999996,1.09468098582802,12,11,0,1,7431500.0,7569000.0,-137500.0,33.0,873.0,-0.01850232120029604,0.08333333333333333,37,4,MEDIUM,0.10810810810810811
PRJ-2019-156,1433285.7700000012,14886411.759999998,16319697.53,36625800.0,20306102.47,1.2442695357969664,7,6,0,1,3261000.0,3566400.0,-305400.0,19.0,610.0,-0.09365225390984361,0.14285714285714285,53,4,HIGH,0.07547169811320754
PRJ-2019-091,1501331.0000000012,15754129.599999998,17255460.599999998,37705400.0,20449939.400000002,1.1851285731544021,8,7,0,1,3531800.0,3367900.0,163900.0,33.0,1087.0,0.046406931309813694,0.125,48,4,MEDIUM,0.08333333333333333
PRJ-2019-126,3054055.7600000026,19168983.060000002,22223038.820000004,42722900.0,20499861.179999996,0.9224598555599334,20,17,0,3,10688100.0,10305700.0,382400.0,68.0,1677.0,0.035778108363507075,0.15,95,14,HIGH,0.14736842105263157
PRJ-2018-041,1299294.3200000005,18677751.85,19977046.17,40499100.0,20522053.83,1.0272816939682727,8,8,0,0,5053800.0,5053800.0,0.0,33.0,763.0,0.0,0.0,35,4,MEDIUM,0.11428571428571428
PRJ-2021-296,2192659.180000002,18562646.49,20755305.67,41445000.0,20689694.33,0.9968388160095932,10,6,0,4,6507400.0,4658000.0,1849400.0,61.0,616.0,0.28419952669268833,0.4,60,2,HIGH,0.03333333333333333
PRJ-2020-211,1679930.7100000014,16369525.06,18049455.770000003,38878300.0,20828844.229999997,1.1539873830777554,8,8,0,0,4908500.0,4908500.0,0.0,9.0,746.0,0.0,0.0,47,0,MEDIUM,0.0
PRJ-2019-121,4083012.5200000033,21651228.009999998,25734240.53,47466600.0,21732359.47,0.8444919695479352,17,13,0,4,11788300.0,7961300.0,3827000.0,56.0,1361.0,0.3246439266051933,0.23529411764705882,86,10,HIGH,0.11627906976744186
PRJ-2021-281,1293702.3700000006,19808771.48,21102473.85,43232500.0,22130026.15,1.048693452118648,9,6,0,3,5151700.0,3465600.0,1686100.0,51.0,511.0,0.327290020769843,0.3333333333333333,39,7,MEDIUM,0.1794871794871795
PRJ-2023-381,1630637.6600000015,16963564.63,18594202.29,40882800.0,22288597.71,1.1986853408595461,7,5,0,2,3287300.0,2289700.0,997600.0,19.0,475.0,0.3034709335929182,0.2857142857142857,40,2,MEDIUM,0.05
PRJ-2022-331,1524668.4500000016,17037657.29,18562325.740000002,41299800.0,22737474.259999998,1.2249259375404105,11,10,0,1,5023300.0,4814000.0,209300.0,63.0,1202.0,0.04166583719865427,0.09090909090909091,51,6,HIGH,0.11764705882352941
PRJ-2020-201,2524373.270000003,18154097.009999998,20678470.28,43453300.0,22774829.72,1.1013788453214344,14,12,0,2,7953800.0,6868500.0,1085300.0,52.0,745.0,0.1364505016470115,0.14285714285714285,86,6,HIGH,0.06976744186046512
PRJ-2022-371,1188430.9600000004,18856012.87,20044443.830000002,43020400.0,22975956.169999998,1.1462506201151104,10,8,0,2,5645400.0,4262100.0,1383300.0,33.0,981.0,0.24503135295993198,0.2,32,5,MEDIUM,0.15625
PRJ-2019-131,3159829.6300000036,17772061.349999998,20931890.98,44030700.0,23098809.02,1.103522325912668,12,10,0,2,6420400.0,5880200.0,540200.0,30.0,851.0,0.08413805993396051,0.16666666666666666,61,7,HIGH,0.11475409836065574
PRJ-2018-011,1409189.850000001,20113100.439999998,21522290.29,45002700.0,23480409.71,1.0909809966139994,7,4,0,3,2507000.0,1044600.0,1462400.0,40.0,421.0,0.5833266852812126,0.42857142857142855,38,3,MEDIUM,0.07894736842105263
PRJ-2019-101,1103949.8200000003,18065577.309999995,19169527.129999995,42769500.0,23599972.870000005,1.2311191981917193,6,5,0,1,3727900.0,2539400.0,1188500.0,14.0,627.0,0.3188121998980659,0.16666666666666666,57,3,HIGH,0.05263157894736842
PRJ-2019-081,3957554.7900000024,23506396.67,27463951.460000005,52698400.0,25234448.539999995,0.9188207522414544,10,8,0,2,6365000.0,4659000.0,1706000.0,10.0,655.0,0.26802827965435977,0.2,75,7,HIGH,0.09333333333333334
PRJ-2018-021,3732954.660000004,22808826.190000005,26541780.85000001,52849500.0,26307719.14999999,0.9911813867606394,15,12,0,3,7070600.0,5369000.0,1701600.0,54.0,1491.0,0.24065850140016407,0.2,55,8,HIGH,0.14545454545454545
PRJ-2020-191,1061105.0900000003,18718576.250000004,19779681.340000004,46120000.0,26340318.659999996,1.3316856933752803,12,11,0,1,6881700.0,5915800.0,965900.0,32.0,1353.0,0.1403577604371013,0.08333333333333333,47,6,MEDIUM,0.1276595744680851
PRJ-2020-226,2260336.1900000023,23131151.949999996,25391488.139999997,51820700.0,26429211.860000003,1.0408689602704004,11,8,0,3,8085000.0,6235400.0,1849600.0,28.0,1016.0,0.22876932591218305,0.2727272727272727,53,6,HIGH,0.11320754716981132
PRJ-2019-106,1220389.5600000008,22027393.68,23247783.240000002,49763900.0,26516116.759999998,1.1405868889200808,9,7,0,2,6649200.0,5120100.0,1529100.0,44.0,852.0,0.2299675148890092,0.2222222222222222,36,6,MEDIUM,0.16666666666666666
PRJ-2020-216,1906008.6500000018,21863761.990000002,23769770.640000004,50433500.0,26663729.359999996,1.1217495433098545,9,6,0,3,4546000.0,1578200.0,2967800.0,7.0,512.0,0.6528376594808623,0.3333333333333333,50,5,MEDIUM,0.1
PRJ-2020-166,2021982.5100000026,22024977.98,24046960.490000002,52335200.0,28288239.509999998,1.1763748487782373,9,7,0,2,7969800.0,6137300.0,1832500.0,16.0,990.0,0.2299304875906547,0.2222222222222222,57,4,HIGH,0.07017543859649122
PRJ-2020-161,3439411.900000003,26157104.95,29596516.85,58488700.0,28892183.15,0.9762021421787678,17,8,0,9,15160700.0,6299700.0,8861000.0,52.0,1782.0,0.5844716932595461,0.5294117647058824,98,9,HIGH,0.09183673469387756
